sys_id,submarket_name,month,avg_ask_rent_usd,avg_eff_rent_usd,rent_yoy,vacancy_rate,availability_rate,absorption_units,deliveries_units,under_construction_units,pipeline_12m_units,sale_price_per_unit_usd,market_cap_rate,transactions_count,notes,source,as_of_date,ingested_at,quality_flag
MKT-GOTHAM_-_DOWNTOWN-202101,GOTHAM - DOWNTOWN,2021-01,2103.97,2072.28,0.05,0.0575,0.0666,82,138,1692,934,254557,0.0521,6,,GOTHAM_SYNTHETIC,2025-08-31,2025-09-27T18:57:54,passed
MKT-GOTHAM_-_DOWNTOWN-202102,GOTHAM - DOWNTOWN,2021-02,2108.1,2075.7,0.0182,0.0591,0.0634,156,58,778,728,283436,0.0528,5,,GOTHAM_SYNTHETIC,2025-08-31,2025-09-27T18:57:54,passed
MKT-GOTHAM_-_DOWNTOWN-202103,GOTHAM - DOWNTOWN,2021-03,2111.44,2086.79,0.0079,0.061,0.061,141,0,2478,1245,277883,0.0526,7,,GOTHAM_SYNTHETIC,2025-08-31,2025-09-27T18:57:54,passed
MKT-GOTHAM_-_DOWNTOWN-202104,GOTHAM - DOWNTOWN,2021-04,2116.42,2060.19,-0.0021,0.0615,0.0657,3,64,1562,766,249472,0.052,5,,GOTHAM_SYNTHETIC,2025-08-31,2025-09-27T18:57:54,passed
MKT-GOTHAM_-_DOWNTOWN-202105,GOTHAM - DOWNTOWN,2021-05,2125.67,2102.0,0.0315,0.0629,0.0592,69,203,2435,610,285777,0.0523,9,,GOTHAM_SYNTHETIC,2025-08-31,2025-09-27T18:57:54,passed
MKT-GOTHAM_-_DOWNTOWN-202106,GOTHAM - DOWNTOWN,2021-06,2135.48,2102.91,0.0147,0.0633,0.0637,236,25,1336,877,268089,0.053,12,,GOTHAM_SYNTHETIC,2025-08-31,2025-09-27T18:57:54,passed
MKT-GOTHAM_-_DOWNTOWN-202107,GOTHAM - DOWNTOWN,2021-07,2144.17,2127.26,0.0078,0.0632,0.0691,107,57,970,1062,242603,0.0534,5,,GOTHAM_SYNTHETIC,2025-08-31,2025-09-27T18:57:54,passed
MKT-GOTHAM_-_DOWNTOWN-202108,GOTHAM - DOWNTOWN,2021-08,2147.21,2086.73,0.0437,0.0626,0.0628,54,52,1797,986,252320,0.0527,6,,GOTHAM_SYNTHETIC,2025-08-31,2025-09-27T18:57:54,passed
MKT-GOTHAM_-_DOWNTOWN-202109,GOTHAM - DOWNTOWN,2021-09,2155.92,2140.82,0.0068,0.0664,0.0758,24,80,544,749,225394,0.0533,6,,GOTHAM_SYNTHETIC,2025-08-31,2025-09-27T18:57:54,passed
MKT-GOTHAM_-_DOWNTOWN-202110,GOTHAM - DOWNTOWN,2021-10,2157.69,2145.62,0.0767,0.0675,0.0748,108,206,1681,810,293501,0.0536,4,,GOTHAM_SYNTHETIC,2025-08-31,2025-09-27T18:57:54,passed
MKT-GOTHAM_-_DOWNTOWN-202111,GOTHAM - DOWNTOWN,2021-11,2166.42,2107.66,0.0222,0.0677,0.0711,191,132,1592,1014,240125,0.0538,4,,GOTHAM_SYNTHETIC,2025-08-31,2025-09-27T18:57:54,passed
MKT-GOTHAM_-_DOWNTOWN-202112,GOTHAM - DOWNTOWN,2021-12,2164.35,2111.42,0.0305,0.067,0.0732,171,125,1244,585,280591,0.0533,8,,GOTHAM_SYNTHETIC,2025-08-31,2025-09-27T18:57:54,passed
MKT-GOTHAM_-_DOWNTOWN-202201,GOTHAM - DOWNTOWN,2022-01,2162.5,2122.82,0.0211,0.0658,0.07,39,46,1741,1087,261371,0.0531,5,,GOTHAM_SYNTHETIC,2025-08-31,2025-09-27T18:57:54,passed
MKT-GOTHAM_-_DOWNTOWN-202202,GOTHAM - DOWNTOWN,2022-02,2164.85,2114.24,0.0307,0.0635,0.0663,-24,182,2080,539,268323,0.0529,0,,GOTHAM_SYNTHETIC,2025-08-31,2025-09-27T18:57:54,passed
MKT-GOTHAM_-_DOWNTOWN-202203,GOTHAM - DOWNTOWN,2022-03,2177.22,2116.35,0.054,0.0628,0.068,114,127,1490,937,258485,0.0535,6,,GOTHAM_SYNTHETIC,2025-08-31,2025-09-27T18:57:54,passed
MKT-GOTHAM_-_DOWNTOWN-202204,GOTHAM - DOWNTOWN,2022-04,2184.74,2157.73,-0.0012,0.0633,0.0603,197,2,1191,931,251363,0.0526,9,,GOTHAM_SYNTHETIC,2025-08-31,2025-09-27T18:57:54,passed
MKT-GOTHAM_-_DOWNTOWN-202205,GOTHAM - DOWNTOWN,2022-05,2193.65,2163.18,-0.0018,0.063,0.0722,-9,300,1648,666,300289,0.0524,3,,GOTHAM_SYNTHETIC,2025-08-31,2025-09-27T18:57:54,passed
MKT-GOTHAM_-_DOWNTOWN-202206,GOTHAM - DOWNTOWN,2022-06,2203.86,2161.99,0.0601,0.0628,0.0714,203,77,897,750,265610,0.0514,11,,GOTHAM_SYNTHETIC,2025-08-31,2025-09-27T18:57:54,passed
MKT-GOTHAM_-_DOWNTOWN-202207,GOTHAM - DOWNTOWN,2022-07,2204.77,2165.29,0.0564,0.0585,0.0626,58,130,1207,1194,263037,0.0507,0,,GOTHAM_SYNTHETIC,2025-08-31,2025-09-27T18:57:54,passed
MKT-GOTHAM_-_DOWNTOWN-202208,GOTHAM - DOWNTOWN,2022-08,2216.16,2172.77,0.033,0.0594,0.0644,159,122,1810,879,255615,0.0517,7,,GOTHAM_SYNTHETIC,2025-08-31,2025-09-27T18:57:54,passed
MKT-GOTHAM_-_DOWNTOWN-202209,GOTHAM - DOWNTOWN,2022-09,2223.55,2186.48,0.0209,0.0586,0.0627,7,88,678,1072,271374,0.0507,1,,GOTHAM_SYNTHETIC,2025-08-31,2025-09-27T18:57:54,passed
MKT-GOTHAM_-_DOWNTOWN-202210,GOTHAM - DOWNTOWN,2022-10,2224.53,2207.54,0.0591,0.0578,0.0635,103,49,2563,1027,273748,0.0511,3,,GOTHAM_SYNTHETIC,2025-08-31,2025-09-27T18:57:54,passed
MKT-GOTHAM_-_DOWNTOWN-202211,GOTHAM - DOWNTOWN,2022-11,2232.08,2202.99,0.0412,0.0567,0.0643,145,80,764,761,241553,0.051,2,,GOTHAM_SYNTHETIC,2025-08-31,2025-09-27T18:57:54,passed
MKT-GOTHAM_-_DOWNTOWN-202212,GOTHAM - DOWNTOWN,2022-12,2244.24,2224.64,-0.0193,0.0551,0.0563,125,97,1514,755,233383,0.0511,3,,GOTHAM_SYNTHETIC,2025-08-31,2025-09-27T18:57:54,passed
MKT-GOTHAM_-_DOWNTOWN-202301,GOTHAM - DOWNTOWN,2023-01,2239.81,2213.65,-0.0178,0.0538,0.0594,159,101,1679,1045,244952,0.0516,3,,GOTHAM_SYNTHETIC,2025-08-31,2025-09-27T18:57:54,passed
MKT-GOTHAM_-_DOWNTOWN-202302,GOTHAM - DOWNTOWN,2023-02,2242.82,2208.33,0.0329,0.0531,0.0552,171,67,1702,986,247817,0.0516,9,,GOTHAM_SYNTHETIC,2025-08-31,2025-09-27T18:57:54,passed
MKT-GOTHAM_-_DOWNTOWN-202303,GOTHAM - DOWNTOWN,2023-03,2241.74,2212.39,-0.0103,0.0497,0.0592,2,176,1625,588,254445,0.052,9,,GOTHAM_SYNTHETIC,2025-08-31,2025-09-27T18:57:54,passed
MKT-GOTHAM_-_DOWNTOWN-202304,GOTHAM - DOWNTOWN,2023-04,2240.95,2185.29,0.0134,0.0488,0.0552,131,0,1427,662,226984,0.0518,6,,GOTHAM_SYNTHETIC,2025-08-31,2025-09-27T18:57:54,passed
MKT-GOTHAM_-_DOWNTOWN-202305,GOTHAM - DOWNTOWN,2023-05,2236.47,2188.21,-0.0057,0.0482,0.0549,13,0,966,905,260845,0.0528,9,,GOTHAM_SYNTHETIC,2025-08-31,2025-09-27T18:57:54,passed
MKT-GOTHAM_-_DOWNTOWN-202306,GOTHAM - DOWNTOWN,2023-06,2247.06,2230.1,0.0466,0.0515,0.0578,87,153,2322,1097,257883,0.0527,0,,GOTHAM_SYNTHETIC,2025-08-31,2025-09-27T18:57:54,passed
MKT-GOTHAM_-_DOWNTOWN-202307,GOTHAM - DOWNTOWN,2023-07,2253.17,2190.68,0.0678,0.0518,0.0573,114,181,965,624,286491,0.0526,6,,GOTHAM_SYNTHETIC,2025-08-31,2025-09-27T18:57:54,passed
MKT-GOTHAM_-_DOWNTOWN-202308,GOTHAM - DOWNTOWN,2023-08,2261.78,2232.77,0.0469,0.0495,0.0552,78,44,2012,621,259641,0.0527,9,,GOTHAM_SYNTHETIC,2025-08-31,2025-09-27T18:57:54,passed
MKT-GOTHAM_-_DOWNTOWN-202309,GOTHAM - DOWNTOWN,2023-09,2271.4,2228.72,0.0741,0.0501,0.0596,36,146,2214,1210,248218,0.0527,0,,GOTHAM_SYNTHETIC,2025-08-31,2025-09-27T18:57:54,passed
MKT-GOTHAM_-_DOWNTOWN-202310,GOTHAM - DOWNTOWN,2023-10,2281.19,2235.31,0.0059,0.0482,0.05,94,18,1216,1168,233150,0.0528,4,,GOTHAM_SYNTHETIC,2025-08-31,2025-09-27T18:57:54,passed
MKT-GOTHAM_-_DOWNTOWN-202311,GOTHAM - DOWNTOWN,2023-11,2281.62,2266.14,0.0376,0.049,0.0544,-16,156,1301,764,290169,0.0533,12,,GOTHAM_SYNTHETIC,2025-08-31,2025-09-27T18:57:54,passed
MKT-GOTHAM_-_DOWNTOWN-202312,GOTHAM - DOWNTOWN,2023-12,2285.1,2272.76,0.003,0.0489,0.0553,77,85,1927,607,285170,0.0536,7,,GOTHAM_SYNTHETIC,2025-08-31,2025-09-27T18:57:54,passed
MKT-GOTHAM_-_DOWNTOWN-202401,GOTHAM - DOWNTOWN,2024-01,2294.85,2236.49,0.002,0.0497,0.0535,63,53,1701,661,258320,0.0532,2,,GOTHAM_SYNTHETIC,2025-08-31,2025-09-27T18:57:54,passed
MKT-GOTHAM_-_DOWNTOWN-202402,GOTHAM - DOWNTOWN,2024-02,2294.06,2240.86,0.0356,0.0471,0.05,-28,88,2538,603,256919,0.0533,3,,GOTHAM_SYNTHETIC,2025-08-31,2025-09-27T18:57:54,passed
MKT-GOTHAM_-_DOWNTOWN-202403,GOTHAM - DOWNTOWN,2024-03,2290.61,2268.17,0.0023,0.0489,0.0532,177,104,2195,1123,252625,0.0539,7,,GOTHAM_SYNTHETIC,2025-08-31,2025-09-27T18:57:54,passed
MKT-GOTHAM_-_DOWNTOWN-202404,GOTHAM - DOWNTOWN,2024-04,2292.19,2259.28,0.0404,0.0507,0.0524,186,135,1995,560,281259,0.0537,3,,GOTHAM_SYNTHETIC,2025-08-31,2025-09-27T18:57:54,passed
MKT-GOTHAM_-_DOWNTOWN-202405,GOTHAM - DOWNTOWN,2024-05,2296.11,2252.57,0.0766,0.0517,0.0597,17,146,1344,253,223521,0.053,2,,GOTHAM_SYNTHETIC,2025-08-31,2025-09-27T18:57:54,passed
MKT-GOTHAM_-_DOWNTOWN-202406,GOTHAM - DOWNTOWN,2024-06,2302.97,2265.68,0.0701,0.052,0.05,159,117,1035,625,247271,0.0527,11,,GOTHAM_SYNTHETIC,2025-08-31,2025-09-27T18:57:54,passed
MKT-GOTHAM_-_DOWNTOWN-202407,GOTHAM - DOWNTOWN,2024-07,2306.44,2283.7,0.0016,0.049,0.0566,129,125,765,1112,272311,0.0521,9,,GOTHAM_SYNTHETIC,2025-08-31,2025-09-27T18:57:54,passed
MKT-GOTHAM_-_DOWNTOWN-202408,GOTHAM - DOWNTOWN,2024-08,2317.58,2274.11,0.0707,0.0519,0.055,-30,15,1874,1279,243244,0.0525,7,,GOTHAM_SYNTHETIC,2025-08-31,2025-09-27T18:57:54,passed
MKT-GOTHAM_-_DOWNTOWN-202409,GOTHAM - DOWNTOWN,2024-09,2331.23,2262.7,0.0293,0.0498,0.0578,24,178,750,412,263071,0.0519,11,,GOTHAM_SYNTHETIC,2025-08-31,2025-09-27T18:57:54,passed
MKT-GOTHAM_-_DOWNTOWN-202410,GOTHAM - DOWNTOWN,2024-10,2344.87,2328.52,0.0784,0.0459,0.0503,39,147,1794,699,238734,0.0521,1,,GOTHAM_SYNTHETIC,2025-08-31,2025-09-27T18:57:54,passed
MKT-GOTHAM_-_DOWNTOWN-202411,GOTHAM - DOWNTOWN,2024-11,2355.03,2287.31,-0.001,0.0484,0.0565,103,18,2035,1097,254226,0.0519,5,,GOTHAM_SYNTHETIC,2025-08-31,2025-09-27T18:57:54,passed
MKT-GOTHAM_-_DOWNTOWN-202412,GOTHAM - DOWNTOWN,2024-12,2352.72,2289.75,0.002,0.0519,0.0613,152,110,600,1202,258992,0.0522,5,,GOTHAM_SYNTHETIC,2025-08-31,2025-09-27T18:57:54,passed
MKT-GOTHAM_-_DOWNTOWN-202501,GOTHAM - DOWNTOWN,2025-01,2365.23,2332.45,0.0591,0.0501,0.0576,63,83,1853,1587,295654,0.0521,2,,GOTHAM_SYNTHETIC,2025-08-31,2025-09-27T18:57:54,passed
MKT-GOTHAM_-_DOWNTOWN-202502,GOTHAM - DOWNTOWN,2025-02,2378.39,2363.84,-0.0019,0.0489,0.0518,88,71,1259,1002,263751,0.0517,5,,GOTHAM_SYNTHETIC,2025-08-31,2025-09-27T18:57:54,passed
MKT-GOTHAM_-_DOWNTOWN-202503,GOTHAM - DOWNTOWN,2025-03,2379.44,2358.89,0.0502,0.0486,0.0533,76,78,1805,510,237327,0.0518,9,,GOTHAM_SYNTHETIC,2025-08-31,2025-09-27T18:57:54,passed
MKT-GOTHAM_-_DOWNTOWN-202504,GOTHAM - DOWNTOWN,2025-04,2379.39,2340.59,0.0425,0.0453,0.0602,236,118,1274,1047,288288,0.0517,2,,GOTHAM_SYNTHETIC,2025-08-31,2025-09-27T18:57:54,passed
MKT-GOTHAM_-_DOWNTOWN-202505,GOTHAM - DOWNTOWN,2025-05,2377.43,2322.19,0.001,0.047,0.05,35,151,1169,1166,270269,0.0514,4,,GOTHAM_SYNTHETIC,2025-08-31,2025-09-27T18:57:54,passed
MKT-GOTHAM_-_DOWNTOWN-202506,GOTHAM - DOWNTOWN,2025-06,2379.31,2332.08,0.0129,0.0487,0.0597,200,108,1944,766,260508,0.0511,11,,GOTHAM_SYNTHETIC,2025-08-31,2025-09-27T18:57:54,passed
MKT-GOTHAM_-_DOWNTOWN-202507,GOTHAM - DOWNTOWN,2025-07,2385.42,2368.77,0.0175,0.0456,0.0547,131,88,2307,836,256838,0.0522,5,,GOTHAM_SYNTHETIC,2025-08-31,2025-09-27T18:57:54,passed
MKT-GOTHAM_-_DOWNTOWN-202508,GOTHAM - DOWNTOWN,2025-08,2395.93,2357.57,-0.0136,0.0436,0.05,33,202,1946,842,268033,0.0508,7,,GOTHAM_SYNTHETIC,2025-08-31,2025-09-27T18:57:54,passed
MKT-GOTHAM_-_WEST_END-202101,GOTHAM - WEST END,2021-01,1999.0,1970.95,0.0116,0.053,0.0565,25,146,734,959,242370,0.0543,5,,GOTHAM_SYNTHETIC,2025-08-31,2025-09-27T18:57:54,passed
MKT-GOTHAM_-_WEST_END-202102,GOTHAM - WEST END,2021-02,2009.2,1979.92,0.076,0.0569,0.0564,93,89,1307,1199,282369,0.0537,1,,GOTHAM_SYNTHETIC,2025-08-31,2025-09-27T18:57:54,passed
MKT-GOTHAM_-_WEST_END-202103,GOTHAM - WEST END,2021-03,2005.41,1964.02,0.0549,0.0585,0.0649,28,178,2854,971,229512,0.0537,5,,GOTHAM_SYNTHETIC,2025-08-31,2025-09-27T18:57:54,passed
MKT-GOTHAM_-_WEST_END-202104,GOTHAM - WEST END,2021-04,2013.48,1956.93,0.0088,0.0571,0.0564,68,199,2083,845,249426,0.0538,0,,GOTHAM_SYNTHETIC,2025-08-31,2025-09-27T18:57:54,passed
MKT-GOTHAM_-_WEST_END-202105,GOTHAM - WEST END,2021-05,2025.35,2010.81,0.0424,0.0535,0.0594,-94,155,1011,320,289430,0.0544,7,,GOTHAM_SYNTHETIC,2025-08-31,2025-09-27T18:57:54,passed
MKT-GOTHAM_-_WEST_END-202106,GOTHAM - WEST END,2021-06,2033.08,2007.19,0.0386,0.0569,0.0601,87,107,1810,373,235119,0.055,6,,GOTHAM_SYNTHETIC,2025-08-31,2025-09-27T18:57:54,passed
MKT-GOTHAM_-_WEST_END-202107,GOTHAM - WEST END,2021-07,2040.92,1993.2,0.0212,0.0563,0.0607,119,29,1582,414,233815,0.0541,6,,GOTHAM_SYNTHETIC,2025-08-31,2025-09-27T18:57:54,passed
MKT-GOTHAM_-_WEST_END-202108,GOTHAM - WEST END,2021-08,2049.48,1988.58,0.0473,0.0532,0.0558,34,109,1125,927,301266,0.0531,9,,GOTHAM_SYNTHETIC,2025-08-31,2025-09-27T18:57:54,passed
MKT-GOTHAM_-_WEST_END-202109,GOTHAM - WEST END,2021-09,2055.42,2012.37,0.0332,0.0528,0.0582,79,55,1789,412,271883,0.0534,1,,GOTHAM_SYNTHETIC,2025-08-31,2025-09-27T18:57:54,passed
MKT-GOTHAM_-_WEST_END-202110,GOTHAM - WEST END,2021-10,2061.51,2009.75,-0.0066,0.0547,0.061,80,206,1539,1111,210888,0.0523,4,,GOTHAM_SYNTHETIC,2025-08-31,2025-09-27T18:57:54,passed
MKT-GOTHAM_-_WEST_END-202111,GOTHAM - WEST END,2021-11,2066.33,2050.19,0.0656,0.0552,0.0616,109,131,934,868,270993,0.0526,2,,GOTHAM_SYNTHETIC,2025-08-31,2025-09-27T18:57:54,passed
MKT-GOTHAM_-_WEST_END-202112,GOTHAM - WEST END,2021-12,2074.93,2016.43,0.0118,0.0554,0.0572,70,148,1356,836,254610,0.0525,11,,GOTHAM_SYNTHETIC,2025-08-31,2025-09-27T18:57:54,passed
MKT-GOTHAM_-_WEST_END-202201,GOTHAM - WEST END,2022-01,2081.15,2042.03,0.0163,0.0542,0.0617,169,78,2164,780,267538,0.0522,8,,GOTHAM_SYNTHETIC,2025-08-31,2025-09-27T18:57:54,passed
MKT-GOTHAM_-_WEST_END-202202,GOTHAM - WEST END,2022-02,2086.62,2043.94,0.0587,0.0565,0.0599,14,202,1276,219,286666,0.0514,3,,GOTHAM_SYNTHETIC,2025-08-31,2025-09-27T18:57:54,passed
MKT-GOTHAM_-_WEST_END-202203,GOTHAM - WEST END,2022-03,2086.4,2075.44,0.0611,0.0576,0.06,115,13,1647,1205,224229,0.0508,7,,GOTHAM_SYNTHETIC,2025-08-31,2025-09-27T18:57:54,passed
MKT-GOTHAM_-_WEST_END-202204,GOTHAM - WEST END,2022-04,2083.98,2066.05,0.0333,0.0594,0.059,70,14,1797,452,261137,0.0507,9,,GOTHAM_SYNTHETIC,2025-08-31,2025-09-27T18:57:54,passed
MKT-GOTHAM_-_WEST_END-202205,GOTHAM - WEST END,2022-05,2093.96,2058.93,0.0368,0.0599,0.0599,74,106,1226,499,233838,0.0509,2,,GOTHAM_SYNTHETIC,2025-08-31,2025-09-27T18:57:54,passed
MKT-GOTHAM_-_WEST_END-202206,GOTHAM - WEST END,2022-06,2089.95,2029.76,0.0395,0.0587,0.0698,135,77,1707,1349,265997,0.0518,1,,GOTHAM_SYNTHETIC,2025-08-31,2025-09-27T18:57:54,passed
MKT-GOTHAM_-_WEST_END-202207,GOTHAM - WEST END,2022-07,2089.9,2029.82,0.0718,0.0605,0.0735,-57,160,1651,502,248106,0.052,3,,GOTHAM_SYNTHETIC,2025-08-31,2025-09-27T18:57:54,passed
MKT-GOTHAM_-_WEST_END-202208,GOTHAM - WEST END,2022-08,2100.39,2039.47,0.0552,0.0632,0.0655,112,105,2104,722,247588,0.0523,9,,GOTHAM_SYNTHETIC,2025-08-31,2025-09-27T18:57:54,passed
MKT-GOTHAM_-_WEST_END-202209,GOTHAM - WEST END,2022-09,2104.22,2078.06,0.0378,0.0625,0.0651,155,104,889,540,252015,0.0523,6,,GOTHAM_SYNTHETIC,2025-08-31,2025-09-27T18:57:54,passed
MKT-GOTHAM_-_WEST_END-202210,GOTHAM - WEST END,2022-10,2108.11,2071.32,0.056,0.0626,0.0708,174,165,3184,559,240387,0.0523,8,,GOTHAM_SYNTHETIC,2025-08-31,2025-09-27T18:57:54,passed
MKT-GOTHAM_-_WEST_END-202211,GOTHAM - WEST END,2022-11,2111.59,2067.5,0.0377,0.0633,0.0661,2,137,1898,819,231773,0.0527,3,,GOTHAM_SYNTHETIC,2025-08-31,2025-09-27T18:57:54,passed
MKT-GOTHAM_-_WEST_END-202212,GOTHAM - WEST END,2022-12,2113.28,2095.34,-0.0162,0.063,0.0656,80,120,1710,800,230389,0.0514,8,,GOTHAM_SYNTHETIC,2025-08-31,2025-09-27T18:57:54,passed
MKT-GOTHAM_-_WEST_END-202301,GOTHAM - WEST END,2023-01,2113.4,2095.93,0.0121,0.0638,0.0747,39,57,707,444,233274,0.0515,7,,GOTHAM_SYNTHETIC,2025-08-31,2025-09-27T18:57:54,passed
MKT-GOTHAM_-_WEST_END-202302,GOTHAM - WEST END,2023-02,2118.34,2094.48,0.024,0.0623,0.0713,26,129,1849,603,247676,0.0512,4,,GOTHAM_SYNTHETIC,2025-08-31,2025-09-27T18:57:54,passed
MKT-GOTHAM_-_WEST_END-202303,GOTHAM - WEST END,2023-03,2115.15,2076.88,-0.0172,0.0601,0.0667,66,25,1732,1161,263732,0.0507,0,,GOTHAM_SYNTHETIC,2025-08-31,2025-09-27T18:57:54,passed
MKT-GOTHAM_-_WEST_END-202304,GOTHAM - WEST END,2023-04,2124.41,2100.55,-0.0111,0.0591,0.0661,59,130,1150,815,245749,0.0502,7,,GOTHAM_SYNTHETIC,2025-08-31,2025-09-27T18:57:54,passed
MKT-GOTHAM_-_WEST_END-202305,GOTHAM - WEST END,2023-05,2137.04,2117.85,-0.009,0.0579,0.0598,58,68,2145,825,271918,0.0506,4,,GOTHAM_SYNTHETIC,2025-08-31,2025-09-27T18:57:54,passed
MKT-GOTHAM_-_WEST_END-202306,GOTHAM - WEST END,2023-06,2138.65,2104.82,0.0676,0.059,0.0657,92,94,559,871,214955,0.0507,2,,GOTHAM_SYNTHETIC,2025-08-31,2025-09-27T18:57:54,passed
MKT-GOTHAM_-_WEST_END-202307,GOTHAM - WEST END,2023-07,2150.96,2119.24,0.0203,0.058,0.0588,52,77,1046,697,209829,0.0519,4,,GOTHAM_SYNTHETIC,2025-08-31,2025-09-27T18:57:54,passed
MKT-GOTHAM_-_WEST_END-202308,GOTHAM - WEST END,2023-08,2146.78,2115.92,0.0175,0.0558,0.0624,147,76,1543,1058,234114,0.0523,8,,GOTHAM_SYNTHETIC,2025-08-31,2025-09-27T18:57:54,passed
MKT-GOTHAM_-_WEST_END-202309,GOTHAM - WEST END,2023-09,2143.62,2120.0,0.0701,0.0541,0.0598,-8,40,1426,477,213362,0.0525,3,,GOTHAM_SYNTHETIC,2025-08-31,2025-09-27T18:57:54,passed
MKT-GOTHAM_-_WEST_END-202310,GOTHAM - WEST END,2023-10,2145.65,2101.32,0.0258,0.0531,0.0651,58,129,616,1345,274054,0.0533,3,,GOTHAM_SYNTHETIC,2025-08-31,2025-09-27T18:57:54,passed
MKT-GOTHAM_-_WEST_END-202311,GOTHAM - WEST END,2023-11,2153.08,2106.43,0.0672,0.0531,0.0617,175,213,1648,1292,193721,0.0542,5,,GOTHAM_SYNTHETIC,2025-08-31,2025-09-27T18:57:54,passed
MKT-GOTHAM_-_WEST_END-202312,GOTHAM - WEST END,2023-12,2148.9,2114.92,0.0436,0.054,0.0547,182,135,1839,628,227486,0.0542,3,,GOTHAM_SYNTHETIC,2025-08-31,2025-09-27T18:57:54,passed
MKT-GOTHAM_-_WEST_END-202401,GOTHAM - WEST END,2024-01,2158.52,2146.15,0.0775,0.0506,0.0561,-21,135,1312,1010,274366,0.0522,12,,GOTHAM_SYNTHETIC,2025-08-31,2025-09-27T18:57:54,passed
MKT-GOTHAM_-_WEST_END-202402,GOTHAM - WEST END,2024-02,2165.95,2149.5,0.026,0.0499,0.05,125,157,1168,997,280236,0.0533,7,,GOTHAM_SYNTHETIC,2025-08-31,2025-09-27T18:57:54,passed
MKT-GOTHAM_-_WEST_END-202403,GOTHAM - WEST END,2024-03,2168.57,2129.65,0.0028,0.0506,0.0558,136,198,2006,725,256740,0.0529,6,,GOTHAM_SYNTHETIC,2025-08-31,2025-09-27T18:57:54,passed
MKT-GOTHAM_-_WEST_END-202404,GOTHAM - WEST END,2024-04,2167.58,2152.11,0.0029,0.0552,0.0619,-88,129,2486,1263,250002,0.0536,3,,GOTHAM_SYNTHETIC,2025-08-31,2025-09-27T18:57:54,passed
MKT-GOTHAM_-_WEST_END-202405,GOTHAM - WEST END,2024-05,2165.93,2117.91,0.0688,0.0543,0.0507,338,130,1638,615,307698,0.0536,7,,GOTHAM_SYNTHETIC,2025-08-31,2025-09-27T18:57:54,passed
MKT-GOTHAM_-_WEST_END-202406,GOTHAM - WEST END,2024-06,2162.48,2134.54,-0.0189,0.0555,0.0641,121,147,1005,661,238035,0.0548,7,,GOTHAM_SYNTHETIC,2025-08-31,2025-09-27T18:57:54,passed
MKT-GOTHAM_-_WEST_END-202407,GOTHAM - WEST END,2024-07,2158.9,2126.19,0.0322,0.0546,0.0633,207,102,861,692,245636,0.0553,7,,GOTHAM_SYNTHETIC,2025-08-31,2025-09-27T18:57:54,passed
MKT-GOTHAM_-_WEST_END-202408,GOTHAM - WEST END,2024-08,2160.87,2138.19,0.0646,0.057,0.0643,106,49,1714,699,279033,0.056,9,,GOTHAM_SYNTHETIC,2025-08-31,2025-09-27T18:57:54,passed
MKT-GOTHAM_-_WEST_END-202409,GOTHAM - WEST END,2024-09,2170.43,2149.11,-0.0037,0.057,0.0646,92,269,650,517,309154,0.0565,6,,GOTHAM_SYNTHETIC,2025-08-31,2025-09-27T18:57:54,passed
MKT-GOTHAM_-_WEST_END-202410,GOTHAM - WEST END,2024-10,2178.8,2117.27,0.0652,0.0575,0.0613,36,65,300,560,253028,0.0564,7,,GOTHAM_SYNTHETIC,2025-08-31,2025-09-27T18:57:54,passed
MKT-GOTHAM_-_WEST_END-202411,GOTHAM - WEST END,2024-11,2180.35,2149.09,0.0273,0.056,0.0563,36,84,971,470,264100,0.0569,3,,GOTHAM_SYNTHETIC,2025-08-31,2025-09-27T18:57:54,passed
MKT-GOTHAM_-_WEST_END-202412,GOTHAM - WEST END,2024-12,2179.6,2133.15,0.08,0.0546,0.061,113,119,925,946,260913,0.0571,8,,GOTHAM_SYNTHETIC,2025-08-31,2025-09-27T18:57:54,passed
MKT-GOTHAM_-_WEST_END-202501,GOTHAM - WEST END,2025-01,2176.81,2114.05,0.0794,0.0524,0.066,57,67,1478,958,256708,0.0569,5,,GOTHAM_SYNTHETIC,2025-08-31,2025-09-27T18:57:54,passed
MKT-GOTHAM_-_WEST_END-202502,GOTHAM - WEST END,2025-02,2175.56,2111.84,0.0649,0.0548,0.0627,144,171,2101,370,251052,0.0567,10,,GOTHAM_SYNTHETIC,2025-08-31,2025-09-27T18:57:54,passed
MKT-GOTHAM_-_WEST_END-202503,GOTHAM - WEST END,2025-03,2186.49,2130.44,0.011,0.0563,0.0617,130,246,1366,762,279405,0.0565,6,,GOTHAM_SYNTHETIC,2025-08-31,2025-09-27T18:57:54,passed
MKT-GOTHAM_-_WEST_END-202504,GOTHAM - WEST END,2025-04,2196.21,2174.95,-0.0145,0.0546,0.0583,68,68,1396,688,260922,0.0561,4,,GOTHAM_SYNTHETIC,2025-08-31,2025-09-27T18:57:54,passed
MKT-GOTHAM_-_WEST_END-202505,GOTHAM - WEST END,2025-05,2203.59,2153.6,0.0691,0.0537,0.0555,79,90,1819,999,283562,0.0534,8,,GOTHAM_SYNTHETIC,2025-08-31,2025-09-27T18:57:54,passed
MKT-GOTHAM_-_WEST_END-202506,GOTHAM - WEST END,2025-06,2212.75,2198.75,-0.0105,0.0535,0.0588,39,55,2441,814,276752,0.0527,10,,GOTHAM_SYNTHETIC,2025-08-31,2025-09-27T18:57:54,passed
MKT-GOTHAM_-_WEST_END-202507,GOTHAM - WEST END,2025-07,2218.22,2197.9,0.0532,0.0564,0.0603,134,78,1700,943,295321,0.0537,6,,GOTHAM_SYNTHETIC,2025-08-31,2025-09-27T18:57:54,passed
MKT-GOTHAM_-_WEST_END-202508,GOTHAM - WEST END,2025-08,2220.86,2190.63,0.07,0.0568,0.0528,164,176,1320,692,268572,0.054,5,,GOTHAM_SYNTHETIC,2025-08-31,2025-09-27T18:57:54,passed
MKT-GOTHAM_-_MIDTOWN-202101,GOTHAM - MIDTOWN,2021-01,1906.53,1871.82,0.0558,0.0591,0.0732,86,59,854,292,283501,0.0579,3,,GOTHAM_SYNTHETIC,2025-08-31,2025-09-27T18:57:54,passed
MKT-GOTHAM_-_MIDTOWN-202102,GOTHAM - MIDTOWN,2021-02,1904.66,1863.57,0.0307,0.0588,0.0682,29,205,1795,502,273697,0.0585,9,,GOTHAM_SYNTHETIC,2025-08-31,2025-09-27T18:57:54,passed
MKT-GOTHAM_-_MIDTOWN-202103,GOTHAM - MIDTOWN,2021-03,1905.95,1857.3,0.0723,0.0568,0.0589,255,73,2477,592,277859,0.0586,7,,GOTHAM_SYNTHETIC,2025-08-31,2025-09-27T18:57:54,passed
MKT-GOTHAM_-_MIDTOWN-202104,GOTHAM - MIDTOWN,2021-04,1912.73,1887.52,0.0465,0.0561,0.0646,9,107,1507,1032,240802,0.0596,6,,GOTHAM_SYNTHETIC,2025-08-31,2025-09-27T18:57:54,passed
MKT-GOTHAM_-_MIDTOWN-202105,GOTHAM - MIDTOWN,2021-05,1919.24,1869.18,0.002,0.0537,0.0566,70,7,1719,792,252221,0.0597,7,,GOTHAM_SYNTHETIC,2025-08-31,2025-09-27T18:57:54,passed
MKT-GOTHAM_-_MIDTOWN-202106,GOTHAM - MIDTOWN,2021-06,1919.58,1865.21,0.0743,0.0523,0.0556,146,166,1819,970,290434,0.0582,9,,GOTHAM_SYNTHETIC,2025-08-31,2025-09-27T18:57:54,passed
MKT-GOTHAM_-_MIDTOWN-202107,GOTHAM - MIDTOWN,2021-07,1927.89,1885.36,-0.0088,0.0541,0.0675,95,97,1462,525,245486,0.0585,5,,GOTHAM_SYNTHETIC,2025-08-31,2025-09-27T18:57:54,passed
MKT-GOTHAM_-_MIDTOWN-202108,GOTHAM - MIDTOWN,2021-08,1924.21,1881.15,0.0373,0.0537,0.05,102,191,2256,796,258625,0.0581,4,,GOTHAM_SYNTHETIC,2025-08-31,2025-09-27T18:57:54,passed
MKT-GOTHAM_-_MIDTOWN-202109,GOTHAM - MIDTOWN,2021-09,1927.25,1883.43,0.0075,0.0556,0.0576,202,134,2509,337,277227,0.0575,6,,GOTHAM_SYNTHETIC,2025-08-31,2025-09-27T18:57:54,passed
MKT-GOTHAM_-_MIDTOWN-202110,GOTHAM - MIDTOWN,2021-10,1930.59,1917.11,0.0661,0.0552,0.0573,174,176,1075,1153,296049,0.0577,3,,GOTHAM_SYNTHETIC,2025-08-31,2025-09-27T18:57:54,passed
MKT-GOTHAM_-_MIDTOWN-202111,GOTHAM - MIDTOWN,2021-11,1941.49,1892.86,0.0763,0.0545,0.0541,41,105,1436,590,250518,0.0587,5,,GOTHAM_SYNTHETIC,2025-08-31,2025-09-27T18:57:54,passed
MKT-GOTHAM_-_MIDTOWN-202112,GOTHAM - MIDTOWN,2021-12,1942.71,1893.43,-0.0198,0.0546,0.05,341,20,1462,990,257336,0.0583,6,,GOTHAM_SYNTHETIC,2025-08-31,2025-09-27T18:57:54,passed
MKT-GOTHAM_-_MIDTOWN-202201,GOTHAM - MIDTOWN,2022-01,1949.7,1909.53,0.0787,0.0554,0.0618,116,100,999,545,251285,0.059,7,,GOTHAM_SYNTHETIC,2025-08-31,2025-09-27T18:57:54,passed
MKT-GOTHAM_-_MIDTOWN-202202,GOTHAM - MIDTOWN,2022-02,1957.12,1944.13,0.026,0.0564,0.0677,114,216,1807,551,243954,0.0591,9,,GOTHAM_SYNTHETIC,2025-08-31,2025-09-27T18:57:54,passed
MKT-GOTHAM_-_MIDTOWN-202203,GOTHAM - MIDTOWN,2022-03,1965.24,1910.25,-0.0127,0.0576,0.0597,174,161,1516,647,220445,0.0598,9,,GOTHAM_SYNTHETIC,2025-08-31,2025-09-27T18:57:54,passed
MKT-GOTHAM_-_MIDTOWN-202204,GOTHAM - MIDTOWN,2022-04,1961.97,1935.78,0.0496,0.0568,0.0622,72,101,300,192,280387,0.0604,9,,GOTHAM_SYNTHETIC,2025-08-31,2025-09-27T18:57:54,passed
MKT-GOTHAM_-_MIDTOWN-202205,GOTHAM - MIDTOWN,2022-05,1958.91,1944.6,0.0264,0.0571,0.0631,99,70,2017,930,238336,0.0607,0,,GOTHAM_SYNTHETIC,2025-08-31,2025-09-27T18:57:54,passed
MKT-GOTHAM_-_MIDTOWN-202206,GOTHAM - MIDTOWN,2022-06,1967.64,1932.34,0.0562,0.0612,0.0686,99,94,2033,880,222036,0.0617,8,,GOTHAM_SYNTHETIC,2025-08-31,2025-09-27T18:57:54,passed
MKT-GOTHAM_-_MIDTOWN-202207,GOTHAM - MIDTOWN,2022-07,1975.47,1941.0,0.0655,0.0623,0.0687,209,149,1785,1002,259549,0.061,4,,GOTHAM_SYNTHETIC,2025-08-31,2025-09-27T18:57:54,passed
MKT-GOTHAM_-_MIDTOWN-202208,GOTHAM - MIDTOWN,2022-08,1984.15,1964.63,-0.0131,0.0566,0.056,211,74,3072,785,246100,0.061,7,,GOTHAM_SYNTHETIC,2025-08-31,2025-09-27T18:57:54,passed
MKT-GOTHAM_-_MIDTOWN-202209,GOTHAM - MIDTOWN,2022-09,1986.95,1944.47,0.0093,0.059,0.0707,102,95,1816,941,236584,0.0617,6,,GOTHAM_SYNTHETIC,2025-08-31,2025-09-27T18:57:54,passed
MKT-GOTHAM_-_MIDTOWN-202210,GOTHAM - MIDTOWN,2022-10,1991.58,1951.3,0.0525,0.0589,0.062,172,282,1808,432,252222,0.0601,1,,GOTHAM_SYNTHETIC,2025-08-31,2025-09-27T18:57:54,passed
MKT-GOTHAM_-_MIDTOWN-202211,GOTHAM - MIDTOWN,2022-11,1993.83,1944.08,0.0617,0.0576,0.0551,218,97,1199,403,265608,0.0619,8,,GOTHAM_SYNTHETIC,2025-08-31,2025-09-27T18:57:54,passed
MKT-GOTHAM_-_MIDTOWN-202212,GOTHAM - MIDTOWN,2022-12,2001.75,1954.27,0.037,0.0564,0.0644,86,108,1248,712,275840,0.0605,4,,GOTHAM_SYNTHETIC,2025-08-31,2025-09-27T18:57:54,passed
MKT-GOTHAM_-_MIDTOWN-202301,GOTHAM - MIDTOWN,2023-01,2010.8,1983.75,-0.0068,0.0572,0.0562,82,32,1958,808,271125,0.059,6,,GOTHAM_SYNTHETIC,2025-08-31,2025-09-27T18:57:54,passed
MKT-GOTHAM_-_MIDTOWN-202302,GOTHAM - MIDTOWN,2023-02,2021.59,1978.95,0.0601,0.0579,0.0635,30,133,1351,641,283571,0.0587,12,,GOTHAM_SYNTHETIC,2025-08-31,2025-09-27T18:57:54,passed
MKT-GOTHAM_-_MIDTOWN-202303,GOTHAM - MIDTOWN,2023-03,2033.44,1977.59,0.004,0.058,0.0684,113,55,2008,662,244677,0.0592,2,,GOTHAM_SYNTHETIC,2025-08-31,2025-09-27T18:57:54,passed
MKT-GOTHAM_-_MIDTOWN-202304,GOTHAM - MIDTOWN,2023-04,2042.63,2031.92,0.0381,0.0583,0.0639,-18,104,1977,768,251759,0.0605,8,,GOTHAM_SYNTHETIC,2025-08-31,2025-09-27T18:57:54,passed
MKT-GOTHAM_-_MIDTOWN-202305,GOTHAM - MIDTOWN,2023-05,2040.65,2015.57,0.0243,0.0588,0.0598,50,238,1381,590,255245,0.0607,8,,GOTHAM_SYNTHETIC,2025-08-31,2025-09-27T18:57:54,passed
MKT-GOTHAM_-_MIDTOWN-202306,GOTHAM - MIDTOWN,2023-06,2038.54,1980.17,0.0513,0.0607,0.0654,156,70,1395,100,276936,0.0609,5,,GOTHAM_SYNTHETIC,2025-08-31,2025-09-27T18:57:54,passed
MKT-GOTHAM_-_MIDTOWN-202307,GOTHAM - MIDTOWN,2023-07,2046.41,2020.25,-0.0042,0.0583,0.0651,184,126,1234,813,275791,0.0612,9,,GOTHAM_SYNTHETIC,2025-08-31,2025-09-27T18:57:54,passed
MKT-GOTHAM_-_MIDTOWN-202308,GOTHAM - MIDTOWN,2023-08,2056.48,2028.63,-0.0092,0.0591,0.0643,196,107,1341,673,238225,0.0613,3,,GOTHAM_SYNTHETIC,2025-08-31,2025-09-27T18:57:54,passed
MKT-GOTHAM_-_MIDTOWN-202309,GOTHAM - MIDTOWN,2023-09,2064.61,2029.57,-0.0091,0.0591,0.0643,72,92,1728,1001,290477,0.0618,7,,GOTHAM_SYNTHETIC,2025-08-31,2025-09-27T18:57:54,passed
MKT-GOTHAM_-_MIDTOWN-202310,GOTHAM - MIDTOWN,2023-10,2075.63,2024.51,0.0108,0.0585,0.0682,92,63,1934,1020,267700,0.0613,9,,GOTHAM_SYNTHETIC,2025-08-31,2025-09-27T18:57:54,passed
MKT-GOTHAM_-_MIDTOWN-202311,GOTHAM - MIDTOWN,2023-11,2074.05,2046.01,0.0469,0.0597,0.0652,-10,189,2049,789,257157,0.0604,0,,GOTHAM_SYNTHETIC,2025-08-31,2025-09-27T18:57:54,passed
MKT-GOTHAM_-_MIDTOWN-202312,GOTHAM - MIDTOWN,2023-12,2084.82,2036.98,0.0192,0.0593,0.0626,255,119,1057,1201,289088,0.0603,6,,GOTHAM_SYNTHETIC,2025-08-31,2025-09-27T18:57:54,passed
MKT-GOTHAM_-_MIDTOWN-202401,GOTHAM - MIDTOWN,2024-01,2089.46,2028.19,0.021,0.0611,0.0673,192,30,1825,1041,272012,0.0597,6,,GOTHAM_SYNTHETIC,2025-08-31,2025-09-27T18:57:54,passed
MKT-GOTHAM_-_MIDTOWN-202402,GOTHAM - MIDTOWN,2024-02,2090.28,2074.18,0.0147,0.0619,0.0701,136,165,1620,879,254644,0.0611,2,,GOTHAM_SYNTHETIC,2025-08-31,2025-09-27T18:57:54,passed
MKT-GOTHAM_-_MIDTOWN-202403,GOTHAM - MIDTOWN,2024-03,2097.67,2070.16,0.031,0.0683,0.0796,70,72,1615,591,229621,0.0606,4,,GOTHAM_SYNTHETIC,2025-08-31,2025-09-27T18:57:54,passed
MKT-GOTHAM_-_MIDTOWN-202404,GOTHAM - MIDTOWN,2024-04,2107.56,2044.92,0.077,0.0689,0.0807,114,28,2218,435,259820,0.0596,0,,GOTHAM_SYNTHETIC,2025-08-31,2025-09-27T18:57:54,passed
MKT-GOTHAM_-_MIDTOWN-202405,GOTHAM - MIDTOWN,2024-05,2116.67,2074.8,0.0742,0.0695,0.0755,151,165,1183,1101,266217,0.0607,5,,GOTHAM_SYNTHETIC,2025-08-31,2025-09-27T18:57:54,passed
MKT-GOTHAM_-_MIDTOWN-202406,GOTHAM - MIDTOWN,2024-06,2126.86,2066.35,0.0297,0.072,0.0768,0,142,934,555,251332,0.0608,4,,GOTHAM_SYNTHETIC,2025-08-31,2025-09-27T18:57:54,passed
MKT-GOTHAM_-_MIDTOWN-202407,GOTHAM - MIDTOWN,2024-07,2135.69,2093.08,0.0079,0.0721,0.0687,168,94,2363,713,274248,0.0606,6,,GOTHAM_SYNTHETIC,2025-08-31,2025-09-27T18:57:54,passed
MKT-GOTHAM_-_MIDTOWN-202408,GOTHAM - MIDTOWN,2024-08,2140.91,2115.09,0.0136,0.0738,0.0816,22,40,1231,853,219784,0.0604,6,,GOTHAM_SYNTHETIC,2025-08-31,2025-09-27T18:57:54,passed
MKT-GOTHAM_-_MIDTOWN-202409,GOTHAM - MIDTOWN,2024-09,2153.3,2093.36,-0.0112,0.0726,0.0672,53,110,1556,515,252004,0.0599,3,,GOTHAM_SYNTHETIC,2025-08-31,2025-09-27T18:57:54,passed
MKT-GOTHAM_-_MIDTOWN-202410,GOTHAM - MIDTOWN,2024-10,2155.89,2107.69,-0.0155,0.0718,0.0748,167,200,1224,941,280198,0.0603,3,,GOTHAM_SYNTHETIC,2025-08-31,2025-09-27T18:57:54,passed
MKT-GOTHAM_-_MIDTOWN-202411,GOTHAM - MIDTOWN,2024-11,2154.19,2095.32,0.0251,0.0692,0.0781,173,70,1540,414,275052,0.0596,5,,GOTHAM_SYNTHETIC,2025-08-31,2025-09-27T18:57:54,passed
MKT-GOTHAM_-_MIDTOWN-202412,GOTHAM - MIDTOWN,2024-12,2153.69,2112.68,0.0093,0.0667,0.069,69,67,1197,747,279327,0.0593,6,,GOTHAM_SYNTHETIC,2025-08-31,2025-09-27T18:57:54,passed
MKT-GOTHAM_-_MIDTOWN-202501,GOTHAM - MIDTOWN,2025-01,2157.25,2124.29,0.0046,0.0637,0.0706,47,187,1656,739,277993,0.0591,6,,GOTHAM_SYNTHETIC,2025-08-31,2025-09-27T18:57:54,passed
MKT-GOTHAM_-_MIDTOWN-202502,GOTHAM - MIDTOWN,2025-02,2154.04,2134.03,0.0128,0.0646,0.068,118,103,1505,543,322563,0.0596,10,,GOTHAM_SYNTHETIC,2025-08-31,2025-09-27T18:57:54,passed
MKT-GOTHAM_-_MIDTOWN-202503,GOTHAM - MIDTOWN,2025-03,2152.84,2124.05,0.0299,0.0653,0.0755,57,135,1617,864,269962,0.0602,8,,GOTHAM_SYNTHETIC,2025-08-31,2025-09-27T18:57:54,passed
MKT-GOTHAM_-_MIDTOWN-202504,GOTHAM - MIDTOWN,2025-04,2156.86,2138.56,0.0701,0.0624,0.0615,143,163,1468,629,233420,0.0603,4,,GOTHAM_SYNTHETIC,2025-08-31,2025-09-27T18:57:54,passed
MKT-GOTHAM_-_MIDTOWN-202505,GOTHAM - MIDTOWN,2025-05,2152.69,2106.0,0.0304,0.0637,0.0681,146,210,781,708,259503,0.0614,9,,GOTHAM_SYNTHETIC,2025-08-31,2025-09-27T18:57:54,passed
MKT-GOTHAM_-_MIDTOWN-202506,GOTHAM - MIDTOWN,2025-06,2154.62,2131.02,-0.0066,0.065,0.0716,59,229,782,892,222774,0.0619,8,,GOTHAM_SYNTHETIC,2025-08-31,2025-09-27T18:57:54,passed
MKT-GOTHAM_-_MIDTOWN-202507,GOTHAM - MIDTOWN,2025-07,2157.91,2124.99,0.0472,0.0661,0.0719,50,9,1785,474,244674,0.0621,6,,GOTHAM_SYNTHETIC,2025-08-31,2025-09-27T18:57:54,passed
MKT-GOTHAM_-_MIDTOWN-202508,GOTHAM - MIDTOWN,2025-08,2170.1,2122.44,0.0404,0.0653,0.0618,113,124,1376,553,180000,0.0623,2,,GOTHAM_SYNTHETIC,2025-08-31,2025-09-27T18:57:54,passed
MKT-GOTHAM_-_RIVER_NORTH-202101,GOTHAM - RIVER NORTH,2021-01,2050.07,1994.25,0.0358,0.056,0.0649,173,105,1620,605,223225,0.055,3,,GOTHAM_SYNTHETIC,2025-08-31,2025-09-27T18:57:54,passed
MKT-GOTHAM_-_RIVER_NORTH-202102,GOTHAM - RIVER NORTH,2021-02,2050.33,2001.68,0.043,0.0574,0.0709,-66,138,1199,886,261249,0.0564,10,,GOTHAM_SYNTHETIC,2025-08-31,2025-09-27T18:57:54,passed
MKT-GOTHAM_-_RIVER_NORTH-202103,GOTHAM - RIVER NORTH,2021-03,2055.8,2042.2,0.0134,0.0573,0.0676,-45,247,2097,1221,270576,0.0566,6,,GOTHAM_SYNTHETIC,2025-08-31,2025-09-27T18:57:54,passed
MKT-GOTHAM_-_RIVER_NORTH-202104,GOTHAM - RIVER NORTH,2021-04,2060.09,2029.28,0.0272,0.0572,0.0599,106,66,816,852,291832,0.0564,8,,GOTHAM_SYNTHETIC,2025-08-31,2025-09-27T18:57:54,passed
MKT-GOTHAM_-_RIVER_NORTH-202105,GOTHAM - RIVER NORTH,2021-05,2067.42,2049.51,-0.0106,0.0581,0.0673,157,162,2058,622,288759,0.0552,5,,GOTHAM_SYNTHETIC,2025-08-31,2025-09-27T18:57:54,passed
MKT-GOTHAM_-_RIVER_NORTH-202106,GOTHAM - RIVER NORTH,2021-06,2068.8,2016.81,0.0278,0.0598,0.0637,193,41,1373,1204,252714,0.0554,3,,GOTHAM_SYNTHETIC,2025-08-31,2025-09-27T18:57:54,passed
MKT-GOTHAM_-_RIVER_NORTH-202107,GOTHAM - RIVER NORTH,2021-07,2071.07,2031.09,0.0734,0.0561,0.0644,94,105,1534,1324,260652,0.0559,4,,GOTHAM_SYNTHETIC,2025-08-31,2025-09-27T18:57:54,passed
MKT-GOTHAM_-_RIVER_NORTH-202108,GOTHAM - RIVER NORTH,2021-08,2079.74,2052.66,0.0374,0.0575,0.062,154,206,926,655,241706,0.0559,5,,GOTHAM_SYNTHETIC,2025-08-31,2025-09-27T18:57:54,passed
MKT-GOTHAM_-_RIVER_NORTH-202109,GOTHAM - RIVER NORTH,2021-09,2087.13,2051.87,-0.0077,0.0588,0.0611,68,165,1310,581,268535,0.0563,3,,GOTHAM_SYNTHETIC,2025-08-31,2025-09-27T18:57:54,passed
MKT-GOTHAM_-_RIVER_NORTH-202110,GOTHAM - RIVER NORTH,2021-10,2083.87,2063.15,0.043,0.0576,0.0612,149,192,689,561,251647,0.0575,5,,GOTHAM_SYNTHETIC,2025-08-31,2025-09-27T18:57:54,passed
MKT-GOTHAM_-_RIVER_NORTH-202111,GOTHAM - RIVER NORTH,2021-11,2082.39,2028.91,0.0437,0.0591,0.0617,82,165,1767,641,266749,0.0569,6,,GOTHAM_SYNTHETIC,2025-08-31,2025-09-27T18:57:54,passed
MKT-GOTHAM_-_RIVER_NORTH-202112,GOTHAM - RIVER NORTH,2021-12,2083.4,2068.92,0.0474,0.0582,0.0713,99,176,1802,972,265484,0.0564,3,,GOTHAM_SYNTHETIC,2025-08-31,2025-09-27T18:57:54,passed
MKT-GOTHAM_-_RIVER_NORTH-202201,GOTHAM - RIVER NORTH,2022-01,2092.78,2046.66,0.0075,0.059,0.0619,79,186,830,242,302417,0.0549,0,,GOTHAM_SYNTHETIC,2025-08-31,2025-09-27T18:57:54,passed
MKT-GOTHAM_-_RIVER_NORTH-202202,GOTHAM - RIVER NORTH,2022-02,2097.74,2074.72,0.009,0.058,0.0658,105,64,1544,880,260897,0.0542,5,,GOTHAM_SYNTHETIC,2025-08-31,2025-09-27T18:57:54,passed
MKT-GOTHAM_-_RIVER_NORTH-202203,GOTHAM - RIVER NORTH,2022-03,2098.51,2040.8,0.0387,0.0583,0.0618,17,102,1082,838,249069,0.0543,5,,GOTHAM_SYNTHETIC,2025-08-31,2025-09-27T18:57:54,passed
MKT-GOTHAM_-_RIVER_NORTH-202204,GOTHAM - RIVER NORTH,2022-04,2102.51,2082.4,0.0106,0.061,0.0639,193,114,1687,1210,270303,0.0552,0,,GOTHAM_SYNTHETIC,2025-08-31,2025-09-27T18:57:54,passed
MKT-GOTHAM_-_RIVER_NORTH-202205,GOTHAM - RIVER NORTH,2022-05,2108.82,2081.55,0.0169,0.0613,0.0622,21,0,2010,1046,273944,0.0548,0,,GOTHAM_SYNTHETIC,2025-08-31,2025-09-27T18:57:54,passed
MKT-GOTHAM_-_RIVER_NORTH-202206,GOTHAM - RIVER NORTH,2022-06,2119.32,2075.2,0.0044,0.0604,0.0661,-33,118,941,1328,216332,0.0552,5,,GOTHAM_SYNTHETIC,2025-08-31,2025-09-27T18:57:54,passed
MKT-GOTHAM_-_RIVER_NORTH-202207,GOTHAM - RIVER NORTH,2022-07,2119.15,2103.72,0.0206,0.0596,0.0616,6,108,1527,311,270586,0.0544,7,,GOTHAM_SYNTHETIC,2025-08-31,2025-09-27T18:57:54,passed
MKT-GOTHAM_-_RIVER_NORTH-202208,GOTHAM - RIVER NORTH,2022-08,2127.23,2115.93,-0.0081,0.0615,0.0678,66,122,1448,918,276884,0.0548,8,,GOTHAM_SYNTHETIC,2025-08-31,2025-09-27T18:57:54,passed
MKT-GOTHAM_-_RIVER_NORTH-202209,GOTHAM - RIVER NORTH,2022-09,2132.52,2072.31,-0.0052,0.0598,0.0695,173,175,1376,633,262546,0.0545,4,,GOTHAM_SYNTHETIC,2025-08-31,2025-09-27T18:57:54,passed
MKT-GOTHAM_-_RIVER_NORTH-202210,GOTHAM - RIVER NORTH,2022-10,2135.45,2111.61,0.0426,0.0619,0.0659,96,112,1254,1059,282745,0.0537,14,,GOTHAM_SYNTHETIC,2025-08-31,2025-09-27T18:57:54,passed
MKT-GOTHAM_-_RIVER_NORTH-202211,GOTHAM - RIVER NORTH,2022-11,2134.02,2102.92,-0.0028,0.0633,0.0717,130,0,681,1281,263235,0.0543,3,,GOTHAM_SYNTHETIC,2025-08-31,2025-09-27T18:57:54,passed
MKT-GOTHAM_-_RIVER_NORTH-202212,GOTHAM - RIVER NORTH,2022-12,2143.34,2095.35,0.0214,0.0636,0.0705,180,170,1543,1052,262452,0.0545,4,,GOTHAM_SYNTHETIC,2025-08-31,2025-09-27T18:57:54,passed
MKT-GOTHAM_-_RIVER_NORTH-202301,GOTHAM - RIVER NORTH,2023-01,2155.7,2110.32,-0.0176,0.0625,0.066,113,82,1308,1068,246558,0.0539,8,,GOTHAM_SYNTHETIC,2025-08-31,2025-09-27T18:57:54,passed
MKT-GOTHAM_-_RIVER_NORTH-202302,GOTHAM - RIVER NORTH,2023-02,2166.99,2118.22,0.0655,0.0627,0.0768,176,101,1487,870,257216,0.0536,10,,GOTHAM_SYNTHETIC,2025-08-31,2025-09-27T18:57:54,passed
MKT-GOTHAM_-_RIVER_NORTH-202303,GOTHAM - RIVER NORTH,2023-03,2164.18,2124.89,0.0155,0.0637,0.069,70,196,913,665,282546,0.0529,5,,GOTHAM_SYNTHETIC,2025-08-31,2025-09-27T18:57:54,passed
MKT-GOTHAM_-_RIVER_NORTH-202304,GOTHAM - RIVER NORTH,2023-04,2168.13,2137.01,0.026,0.0648,0.0754,-77,33,1436,1325,251643,0.0527,8,,GOTHAM_SYNTHETIC,2025-08-31,2025-09-27T18:57:54,passed
MKT-GOTHAM_-_RIVER_NORTH-202305,GOTHAM - RIVER NORTH,2023-05,2165.39,2137.0,0.0578,0.0625,0.0632,0,171,1579,852,255775,0.0539,0,,GOTHAM_SYNTHETIC,2025-08-31,2025-09-27T18:57:54,passed
MKT-GOTHAM_-_RIVER_NORTH-202306,GOTHAM - RIVER NORTH,2023-06,2172.26,2128.25,0.0046,0.0644,0.0708,84,69,1439,1228,263341,0.0533,7,,GOTHAM_SYNTHETIC,2025-08-31,2025-09-27T18:57:54,passed
MKT-GOTHAM_-_RIVER_NORTH-202307,GOTHAM - RIVER NORTH,2023-07,2178.72,2132.06,-0.0148,0.0678,0.0664,159,86,991,406,272852,0.0525,5,,GOTHAM_SYNTHETIC,2025-08-31,2025-09-27T18:57:54,passed
MKT-GOTHAM_-_RIVER_NORTH-202308,GOTHAM - RIVER NORTH,2023-08,2187.19,2155.89,0.0753,0.0712,0.0738,191,115,1358,1090,230822,0.0528,5,,GOTHAM_SYNTHETIC,2025-08-31,2025-09-27T18:57:54,passed
MKT-GOTHAM_-_RIVER_NORTH-202309,GOTHAM - RIVER NORTH,2023-09,2199.6,2177.66,-0.0184,0.0786,0.0804,88,74,1872,452,254100,0.0528,7,,GOTHAM_SYNTHETIC,2025-08-31,2025-09-27T18:57:54,passed
MKT-GOTHAM_-_RIVER_NORTH-202310,GOTHAM - RIVER NORTH,2023-10,2196.53,2184.82,0.0343,0.0746,0.0789,201,138,1449,800,313352,0.0536,8,,GOTHAM_SYNTHETIC,2025-08-31,2025-09-27T18:57:54,passed
MKT-GOTHAM_-_RIVER_NORTH-202311,GOTHAM - RIVER NORTH,2023-11,2196.14,2139.86,0.0324,0.0733,0.0749,207,247,2011,773,239633,0.0532,5,,GOTHAM_SYNTHETIC,2025-08-31,2025-09-27T18:57:54,passed
MKT-GOTHAM_-_RIVER_NORTH-202312,GOTHAM - RIVER NORTH,2023-12,2192.3,2171.19,0.0263,0.0755,0.0797,72,153,2149,835,239271,0.0528,5,,GOTHAM_SYNTHETIC,2025-08-31,2025-09-27T18:57:54,passed
MKT-GOTHAM_-_RIVER_NORTH-202401,GOTHAM - RIVER NORTH,2024-01,2204.59,2191.81,0.0116,0.0749,0.0845,160,134,1248,931,221363,0.0526,11,,GOTHAM_SYNTHETIC,2025-08-31,2025-09-27T18:57:54,passed
MKT-GOTHAM_-_RIVER_NORTH-202402,GOTHAM - RIVER NORTH,2024-02,2209.95,2194.94,-0.0019,0.0788,0.0817,132,240,1901,601,279045,0.0531,6,,GOTHAM_SYNTHETIC,2025-08-31,2025-09-27T18:57:54,passed
MKT-GOTHAM_-_RIVER_NORTH-202403,GOTHAM - RIVER NORTH,2024-03,2214.27,2195.41,-0.0149,0.0769,0.0824,79,158,1206,809,232571,0.0517,2,,GOTHAM_SYNTHETIC,2025-08-31,2025-09-27T18:57:54,passed
MKT-GOTHAM_-_RIVER_NORTH-202404,GOTHAM - RIVER NORTH,2024-04,2219.11,2197.64,0.0571,0.0772,0.0798,83,126,1457,918,234305,0.0516,4,,GOTHAM_SYNTHETIC,2025-08-31,2025-09-27T18:57:54,passed
MKT-GOTHAM_-_RIVER_NORTH-202405,GOTHAM - RIVER NORTH,2024-05,2216.68,2189.36,-0.0192,0.0784,0.0815,172,39,1426,942,245563,0.0518,6,,GOTHAM_SYNTHETIC,2025-08-31,2025-09-27T18:57:54,passed
MKT-GOTHAM_-_RIVER_NORTH-202406,GOTHAM - RIVER NORTH,2024-06,2228.91,2189.99,0.026,0.0782,0.0817,127,80,1624,1150,227003,0.0515,7,,GOTHAM_SYNTHETIC,2025-08-31,2025-09-27T18:57:54,passed
MKT-GOTHAM_-_RIVER_NORTH-202407,GOTHAM - RIVER NORTH,2024-07,2238.31,2214.67,0.0439,0.0795,0.0842,43,143,300,214,271486,0.0509,7,,GOTHAM_SYNTHETIC,2025-08-31,2025-09-27T18:57:54,passed
MKT-GOTHAM_-_RIVER_NORTH-202408,GOTHAM - RIVER NORTH,2024-08,2241.93,2214.25,-0.0165,0.082,0.0834,130,295,1591,885,306733,0.0521,2,,GOTHAM_SYNTHETIC,2025-08-31,2025-09-27T18:57:54,passed
MKT-GOTHAM_-_RIVER_NORTH-202409,GOTHAM - RIVER NORTH,2024-09,2252.78,2230.48,0.0128,0.0834,0.0906,82,60,1406,886,247743,0.0522,4,,GOTHAM_SYNTHETIC,2025-08-31,2025-09-27T18:57:54,passed
MKT-GOTHAM_-_RIVER_NORTH-202410,GOTHAM - RIVER NORTH,2024-10,2264.27,2252.53,0.0576,0.0867,0.0943,197,218,1791,1018,283672,0.0521,5,,GOTHAM_SYNTHETIC,2025-08-31,2025-09-27T18:57:54,passed
MKT-GOTHAM_-_RIVER_NORTH-202411,GOTHAM - RIVER NORTH,2024-11,2270.23,2219.52,-0.0078,0.0844,0.0929,199,149,1310,836,290132,0.0522,7,,GOTHAM_SYNTHETIC,2025-08-31,2025-09-27T18:57:54,passed
MKT-GOTHAM_-_RIVER_NORTH-202412,GOTHAM - RIVER NORTH,2024-12,2276.3,2245.91,0.0326,0.0846,0.0844,26,197,1106,712,338081,0.0528,11,,GOTHAM_SYNTHETIC,2025-08-31,2025-09-27T18:57:54,passed
MKT-GOTHAM_-_RIVER_NORTH-202501,GOTHAM - RIVER NORTH,2025-01,2280.93,2265.67,0.0293,0.0892,0.0975,123,49,1668,333,253309,0.0533,7,,GOTHAM_SYNTHETIC,2025-08-31,2025-09-27T18:57:54,passed
MKT-GOTHAM_-_RIVER_NORTH-202502,GOTHAM - RIVER NORTH,2025-02,2292.68,2279.05,0.0068,0.0889,0.0977,212,108,1021,304,214194,0.0545,4,,GOTHAM_SYNTHETIC,2025-08-31,2025-09-27T18:57:54,passed
MKT-GOTHAM_-_RIVER_NORTH-202503,GOTHAM - RIVER NORTH,2025-03,2295.79,2268.82,0.0469,0.0897,0.0853,84,129,957,1225,257288,0.0542,6,,GOTHAM_SYNTHETIC,2025-08-31,2025-09-27T18:57:54,passed
MKT-GOTHAM_-_RIVER_NORTH-202504,GOTHAM - RIVER NORTH,2025-04,2298.09,2269.74,0.0626,0.0885,0.0928,141,187,1113,791,281098,0.0544,8,,GOTHAM_SYNTHETIC,2025-08-31,2025-09-27T18:57:54,passed
MKT-GOTHAM_-_RIVER_NORTH-202505,GOTHAM - RIVER NORTH,2025-05,2298.18,2259.7,-0.0053,0.0912,0.0972,280,207,2656,1075,257561,0.0554,9,,GOTHAM_SYNTHETIC,2025-08-31,2025-09-27T18:57:54,passed
MKT-GOTHAM_-_RIVER_NORTH-202506,GOTHAM - RIVER NORTH,2025-06,2304.73,2235.71,0.0308,0.09,0.0951,197,105,2270,285,226175,0.0552,5,,GOTHAM_SYNTHETIC,2025-08-31,2025-09-27T18:57:54,passed
MKT-GOTHAM_-_RIVER_NORTH-202507,GOTHAM - RIVER NORTH,2025-07,2315.73,2290.98,0.0308,0.089,0.0872,40,119,695,472,286208,0.0557,7,,GOTHAM_SYNTHETIC,2025-08-31,2025-09-27T18:57:54,passed
MKT-GOTHAM_-_RIVER_NORTH-202508,GOTHAM - RIVER NORTH,2025-08,2321.88,2276.98,0.01,0.0895,0.0899,35,97,1190,376,260684,0.056,9,,GOTHAM_SYNTHETIC,2025-08-31,2025-09-27T18:57:54,passed
MKT-GOTHAM_-_EAST_MARKET-202101,GOTHAM - EAST MARKET,2021-01,1802.13,1772.59,0.0131,0.0664,0.0722,34,89,1721,963,250749,0.0615,11,,GOTHAM_SYNTHETIC,2025-08-31,2025-09-27T18:57:54,passed
MKT-GOTHAM_-_EAST_MARKET-202102,GOTHAM - EAST MARKET,2021-02,1809.78,1775.19,0.0266,0.0637,0.0719,111,67,435,755,281562,0.062,8,,GOTHAM_SYNTHETIC,2025-08-31,2025-09-27T18:57:54,passed
MKT-GOTHAM_-_EAST_MARKET-202103,GOTHAM - EAST MARKET,2021-03,1815.18,1802.19,0.0654,0.0666,0.0664,91,220,1171,652,221375,0.0625,7,,GOTHAM_SYNTHETIC,2025-08-31,2025-09-27T18:57:54,passed
MKT-GOTHAM_-_EAST_MARKET-202104,GOTHAM - EAST MARKET,2021-04,1812.31,1783.13,0.0103,0.0676,0.0838,48,134,1153,458,260343,0.0618,4,,GOTHAM_SYNTHETIC,2025-08-31,2025-09-27T18:57:54,passed
MKT-GOTHAM_-_EAST_MARKET-202105,GOTHAM - EAST MARKET,2021-05,1812.39,1764.85,0.009,0.0694,0.0724,53,81,1091,860,252805,0.0629,6,,GOTHAM_SYNTHETIC,2025-08-31,2025-09-27T18:57:54,passed
MKT-GOTHAM_-_EAST_MARKET-202106,GOTHAM - EAST MARKET,2021-06,1822.31,1781.42,0.059,0.0682,0.0705,208,149,846,1339,266663,0.062,10,,GOTHAM_SYNTHETIC,2025-08-31,2025-09-27T18:57:54,passed
MKT-GOTHAM_-_EAST_MARKET-202107,GOTHAM - EAST MARKET,2021-07,1830.88,1812.16,0.0256,0.0732,0.0721,99,227,2190,908,269646,0.0626,9,,GOTHAM_SYNTHETIC,2025-08-31,2025-09-27T18:57:54,passed
MKT-GOTHAM_-_EAST_MARKET-202108,GOTHAM - EAST MARKET,2021-08,1840.34,1828.91,0.0034,0.073,0.075,48,42,1270,775,245170,0.0621,2,,GOTHAM_SYNTHETIC,2025-08-31,2025-09-27T18:57:54,passed
MKT-GOTHAM_-_EAST_MARKET-202109,GOTHAM - EAST MARKET,2021-09,1849.31,1815.93,0.08,0.0743,0.0762,10,14,1610,894,260784,0.0624,6,,GOTHAM_SYNTHETIC,2025-08-31,2025-09-27T18:57:54,passed
MKT-GOTHAM_-_EAST_MARKET-202110,GOTHAM - EAST MARKET,2021-10,1858.1,1807.09,0.0113,0.073,0.0786,108,186,1658,1030,253804,0.0627,7,,GOTHAM_SYNTHETIC,2025-08-31,2025-09-27T18:57:54,passed
MKT-GOTHAM_-_EAST_MARKET-202111,GOTHAM - EAST MARKET,2021-11,1867.3,1825.01,0.0594,0.0709,0.0762,128,141,1226,553,282545,0.0628,7,,GOTHAM_SYNTHETIC,2025-08-31,2025-09-27T18:57:54,passed
MKT-GOTHAM_-_EAST_MARKET-202112,GOTHAM - EAST MARKET,2021-12,1872.08,1840.25,0.0262,0.0749,0.0831,142,52,1486,952,256161,0.0632,4,,GOTHAM_SYNTHETIC,2025-08-31,2025-09-27T18:57:54,passed
MKT-GOTHAM_-_EAST_MARKET-202201,GOTHAM - EAST MARKET,2022-01,1881.63,1856.49,0.0509,0.0754,0.0761,37,71,2660,781,302203,0.0626,9,,GOTHAM_SYNTHETIC,2025-08-31,2025-09-27T18:57:54,passed
MKT-GOTHAM_-_EAST_MARKET-202202,GOTHAM - EAST MARKET,2022-02,1888.36,1843.68,0.0563,0.0789,0.0809,-8,152,1657,827,245484,0.0624,4,,GOTHAM_SYNTHETIC,2025-08-31,2025-09-27T18:57:54,passed
MKT-GOTHAM_-_EAST_MARKET-202203,GOTHAM - EAST MARKET,2022-03,1898.38,1880.7,0.0569,0.0768,0.0883,52,172,1616,1142,254278,0.0621,4,,GOTHAM_SYNTHETIC,2025-08-31,2025-09-27T18:57:54,passed
MKT-GOTHAM_-_EAST_MARKET-202204,GOTHAM - EAST MARKET,2022-04,1905.23,1863.42,-0.0042,0.074,0.0796,96,50,1192,857,228119,0.0626,8,,GOTHAM_SYNTHETIC,2025-08-31,2025-09-27T18:57:54,passed
MKT-GOTHAM_-_EAST_MARKET-202205,GOTHAM - EAST MARKET,2022-05,1906.69,1879.72,0.036,0.0713,0.0737,91,119,1453,675,317241,0.0638,5,,GOTHAM_SYNTHETIC,2025-08-31,2025-09-27T18:57:54,passed
MKT-GOTHAM_-_EAST_MARKET-202206,GOTHAM - EAST MARKET,2022-06,1911.98,1881.2,0.0457,0.0746,0.0814,63,172,2096,454,222064,0.0638,3,,GOTHAM_SYNTHETIC,2025-08-31,2025-09-27T18:57:54,passed
MKT-GOTHAM_-_EAST_MARKET-202207,GOTHAM - EAST MARKET,2022-07,1910.0,1885.92,0.0681,0.0737,0.0815,147,139,1343,980,243902,0.064,9,,GOTHAM_SYNTHETIC,2025-08-31,2025-09-27T18:57:54,passed
MKT-GOTHAM_-_EAST_MARKET-202208,GOTHAM - EAST MARKET,2022-08,1912.79,1873.81,0.0449,0.0753,0.0788,82,107,1357,783,242378,0.0633,5,,GOTHAM_SYNTHETIC,2025-08-31,2025-09-27T18:57:54,passed
MKT-GOTHAM_-_EAST_MARKET-202209,GOTHAM - EAST MARKET,2022-09,1910.73,1858.27,0.0206,0.0794,0.0856,173,162,1805,868,304275,0.0636,8,,GOTHAM_SYNTHETIC,2025-08-31,2025-09-27T18:57:54,passed
MKT-GOTHAM_-_EAST_MARKET-202210,GOTHAM - EAST MARKET,2022-10,1907.54,1879.39,0.0673,0.0804,0.0849,107,122,1527,461,236098,0.0638,4,,GOTHAM_SYNTHETIC,2025-08-31,2025-09-27T18:57:54,passed
MKT-GOTHAM_-_EAST_MARKET-202211,GOTHAM - EAST MARKET,2022-11,1915.26,1863.33,0.077,0.0807,0.0829,80,105,2120,680,276010,0.0635,8,,GOTHAM_SYNTHETIC,2025-08-31,2025-09-27T18:57:54,passed
MKT-GOTHAM_-_EAST_MARKET-202212,GOTHAM - EAST MARKET,2022-12,1922.25,1894.97,0.0153,0.081,0.0823,-64,82,1832,731,308661,0.0639,0,,GOTHAM_SYNTHETIC,2025-08-31,2025-09-27T18:57:54,passed
MKT-GOTHAM_-_EAST_MARKET-202301,GOTHAM - EAST MARKET,2023-01,1924.69,1905.06,0.0211,0.0819,0.0936,73,161,1736,128,252245,0.0643,2,,GOTHAM_SYNTHETIC,2025-08-31,2025-09-27T18:57:54,passed
MKT-GOTHAM_-_EAST_MARKET-202302,GOTHAM - EAST MARKET,2023-02,1928.89,1892.66,0.0657,0.0866,0.0862,159,184,803,349,261667,0.0632,11,,GOTHAM_SYNTHETIC,2025-08-31,2025-09-27T18:57:54,passed
MKT-GOTHAM_-_EAST_MARKET-202303,GOTHAM - EAST MARKET,2023-03,1925.7,1872.94,0.0658,0.088,0.0933,23,152,1261,531,251200,0.0644,3,,GOTHAM_SYNTHETIC,2025-08-31,2025-09-27T18:57:54,passed
MKT-GOTHAM_-_EAST_MARKET-202304,GOTHAM - EAST MARKET,2023-04,1924.45,1887.05,0.0783,0.0875,0.0917,112,49,2105,259,276111,0.066,7,,GOTHAM_SYNTHETIC,2025-08-31,2025-09-27T18:57:54,passed
MKT-GOTHAM_-_EAST_MARKET-202305,GOTHAM - EAST MARKET,2023-05,1925.49,1887.88,0.0077,0.0877,0.0917,80,187,2080,711,274963,0.065,7,,GOTHAM_SYNTHETIC,2025-08-31,2025-09-27T18:57:54,passed
MKT-GOTHAM_-_EAST_MARKET-202306,GOTHAM - EAST MARKET,2023-06,1930.88,1897.21,0.0028,0.0873,0.0909,48,127,908,751,250081,0.0651,5,,GOTHAM_SYNTHETIC,2025-08-31,2025-09-27T18:57:54,passed
MKT-GOTHAM_-_EAST_MARKET-202307,GOTHAM - EAST MARKET,2023-07,1937.96,1921.5,0.0613,0.0876,0.0863,127,89,1739,872,211565,0.0655,5,,GOTHAM_SYNTHETIC,2025-08-31,2025-09-27T18:57:54,passed
MKT-GOTHAM_-_EAST_MARKET-202308,GOTHAM - EAST MARKET,2023-08,1946.59,1919.12,0.0585,0.0875,0.094,-57,71,787,991,240447,0.0649,7,,GOTHAM_SYNTHETIC,2025-08-31,2025-09-27T18:57:54,passed
MKT-GOTHAM_-_EAST_MARKET-202309,GOTHAM - EAST MARKET,2023-09,1943.01,1927.33,0.0353,0.0887,0.0899,141,73,2297,770,269788,0.0646,3,,GOTHAM_SYNTHETIC,2025-08-31,2025-09-27T18:57:54,passed
MKT-GOTHAM_-_EAST_MARKET-202310,GOTHAM - EAST MARKET,2023-10,1942.98,1891.69,0.0241,0.0891,0.0924,189,100,1052,551,272669,0.0644,8,,GOTHAM_SYNTHETIC,2025-08-31,2025-09-27T18:57:54,passed
MKT-GOTHAM_-_EAST_MARKET-202311,GOTHAM - EAST MARKET,2023-11,1942.8,1903.4,0.0453,0.0912,0.098,146,27,2010,841,217021,0.0638,4,,GOTHAM_SYNTHETIC,2025-08-31,2025-09-27T18:57:54,passed
MKT-GOTHAM_-_EAST_MARKET-202312,GOTHAM - EAST MARKET,2023-12,1942.77,1917.2,0.031,0.0913,0.0922,196,39,2493,321,259034,0.0643,1,,GOTHAM_SYNTHETIC,2025-08-31,2025-09-27T18:57:54,passed
MKT-GOTHAM_-_EAST_MARKET-202401,GOTHAM - EAST MARKET,2024-01,1944.44,1915.56,0.0589,0.0895,0.0946,191,132,835,581,293674,0.0646,5,,GOTHAM_SYNTHETIC,2025-08-31,2025-09-27T18:57:54,passed
MKT-GOTHAM_-_EAST_MARKET-202402,GOTHAM - EAST MARKET,2024-02,1943.92,1893.33,-0.0097,0.088,0.0908,77,134,300,1414,265684,0.0644,5,,GOTHAM_SYNTHETIC,2025-08-31,2025-09-27T18:57:54,passed
MKT-GOTHAM_-_EAST_MARKET-202403,GOTHAM - EAST MARKET,2024-03,1946.06,1934.06,-0.0193,0.085,0.0862,125,133,1629,923,220998,0.0655,3,,GOTHAM_SYNTHETIC,2025-08-31,2025-09-27T18:57:54,passed
MKT-GOTHAM_-_EAST_MARKET-202404,GOTHAM - EAST MARKET,2024-04,1947.69,1915.79,0.0611,0.0866,0.0911,53,98,1661,1043,292526,0.0653,7,,GOTHAM_SYNTHETIC,2025-08-31,2025-09-27T18:57:54,passed
MKT-GOTHAM_-_EAST_MARKET-202405,GOTHAM - EAST MARKET,2024-05,1949.95,1915.53,0.0738,0.0876,0.0931,74,208,1733,888,278107,0.0644,6,,GOTHAM_SYNTHETIC,2025-08-31,2025-09-27T18:57:54,passed
MKT-GOTHAM_-_EAST_MARKET-202406,GOTHAM - EAST MARKET,2024-06,1956.86,1907.12,0.0332,0.0877,0.0863,40,100,1071,719,257973,0.0655,0,,GOTHAM_SYNTHETIC,2025-08-31,2025-09-27T18:57:54,passed
MKT-GOTHAM_-_EAST_MARKET-202407,GOTHAM - EAST MARKET,2024-07,1967.55,1914.13,0.0012,0.0887,0.0938,102,120,1316,812,216845,0.065,7,,GOTHAM_SYNTHETIC,2025-08-31,2025-09-27T18:57:54,passed
MKT-GOTHAM_-_EAST_MARKET-202408,GOTHAM - EAST MARKET,2024-08,1976.34,1949.12,0.071,0.0899,0.0937,107,107,1655,631,226728,0.0654,6,,GOTHAM_SYNTHETIC,2025-08-31,2025-09-27T18:57:54,passed
MKT-GOTHAM_-_EAST_MARKET-202409,GOTHAM - EAST MARKET,2024-09,1977.91,1941.68,0.001,0.0897,0.0872,38,108,1911,264,281696,0.0658,9,,GOTHAM_SYNTHETIC,2025-08-31,2025-09-27T18:57:54,passed
MKT-GOTHAM_-_EAST_MARKET-202410,GOTHAM - EAST MARKET,2024-10,1976.15,1931.74,-0.013,0.0904,0.0968,133,69,1637,1154,279907,0.0656,2,,GOTHAM_SYNTHETIC,2025-08-31,2025-09-27T18:57:54,passed
MKT-GOTHAM_-_EAST_MARKET-202411,GOTHAM - EAST MARKET,2024-11,1974.27,1946.61,0.0372,0.0896,0.0928,133,85,2003,932,261273,0.0661,3,,GOTHAM_SYNTHETIC,2025-08-31,2025-09-27T18:57:54,passed
MKT-GOTHAM_-_EAST_MARKET-202412,GOTHAM - EAST MARKET,2024-12,1982.9,1950.04,0.048,0.0926,0.1062,61,146,1635,584,318931,0.0666,6,,GOTHAM_SYNTHETIC,2025-08-31,2025-09-27T18:57:54,passed
MKT-GOTHAM_-_EAST_MARKET-202501,GOTHAM - EAST MARKET,2025-01,1992.35,1944.31,0.0384,0.0915,0.098,137,152,2163,959,277973,0.0655,5,,GOTHAM_SYNTHETIC,2025-08-31,2025-09-27T18:57:54,passed
MKT-GOTHAM_-_EAST_MARKET-202502,GOTHAM - EAST MARKET,2025-02,1998.68,1947.64,-0.0079,0.0927,0.0957,69,104,588,1030,248463,0.0652,0,,GOTHAM_SYNTHETIC,2025-08-31,2025-09-27T18:57:54,passed
MKT-GOTHAM_-_EAST_MARKET-202503,GOTHAM - EAST MARKET,2025-03,2006.91,1948.03,0.0714,0.0945,0.1015,158,193,1226,653,253175,0.0642,4,,GOTHAM_SYNTHETIC,2025-08-31,2025-09-27T18:57:54,passed
MKT-GOTHAM_-_EAST_MARKET-202504,GOTHAM - EAST MARKET,2025-04,2017.25,1991.85,-0.0124,0.0951,0.0992,142,83,1903,920,205863,0.0632,4,,GOTHAM_SYNTHETIC,2025-08-31,2025-09-27T18:57:54,passed
MKT-GOTHAM_-_EAST_MARKET-202505,GOTHAM - EAST MARKET,2025-05,2029.04,2008.31,0.0501,0.094,0.1041,199,90,1501,976,252728,0.0633,4,,GOTHAM_SYNTHETIC,2025-08-31,2025-09-27T18:57:54,passed
MKT-GOTHAM_-_EAST_MARKET-202506,GOTHAM - EAST MARKET,2025-06,2026.95,2016.22,0.0258,0.094,0.1015,89,162,1327,212,317278,0.0636,5,,GOTHAM_SYNTHETIC,2025-08-31,2025-09-27T18:57:54,passed
MKT-GOTHAM_-_EAST_MARKET-202507,GOTHAM - EAST MARKET,2025-07,2023.36,1972.83,0.0198,0.0916,0.0944,142,75,716,441,254738,0.0642,8,,GOTHAM_SYNTHETIC,2025-08-31,2025-09-27T18:57:54,passed
MKT-GOTHAM_-_EAST_MARKET-202508,GOTHAM - EAST MARKET,2025-08,2025.59,1997.41,-0.0035,0.0907,0.0955,106,122,893,725,223144,0.0649,6,,GOTHAM_SYNTHETIC,2025-08-31,2025-09-27T18:57:54,passed
MKT-GOTHAM_-_SOUTH_SIDE-202101,GOTHAM - SOUTH SIDE,2021-01,1703.85,1683.45,0.0693,0.0726,0.0761,82,135,2031,721,257003,0.0641,10,,GOTHAM_SYNTHETIC,2025-08-31,2025-09-27T18:57:54,passed
MKT-GOTHAM_-_SOUTH_SIDE-202102,GOTHAM - SOUTH SIDE,2021-02,1711.64,1695.81,0.0616,0.0735,0.0821,37,113,1227,455,272566,0.0645,10,,GOTHAM_SYNTHETIC,2025-08-31,2025-09-27T18:57:54,passed
MKT-GOTHAM_-_SOUTH_SIDE-202103,GOTHAM - SOUTH SIDE,2021-03,1717.87,1671.88,-0.0143,0.0733,0.0749,-29,161,879,660,248748,0.0643,1,,GOTHAM_SYNTHETIC,2025-08-31,2025-09-27T18:57:54,passed
MKT-GOTHAM_-_SOUTH_SIDE-202104,GOTHAM - SOUTH SIDE,2021-04,1718.54,1672.07,0.0315,0.0735,0.0796,-10,233,1852,1099,280446,0.0647,7,,GOTHAM_SYNTHETIC,2025-08-31,2025-09-27T18:57:54,passed
MKT-GOTHAM_-_SOUTH_SIDE-202105,GOTHAM - SOUTH SIDE,2021-05,1726.81,1708.58,-0.015,0.0722,0.0708,196,127,2049,488,268250,0.0656,3,,GOTHAM_SYNTHETIC,2025-08-31,2025-09-27T18:57:54,passed
MKT-GOTHAM_-_SOUTH_SIDE-202106,GOTHAM - SOUTH SIDE,2021-06,1726.64,1682.17,0.0724,0.0742,0.0802,181,76,1342,691,211365,0.0659,6,,GOTHAM_SYNTHETIC,2025-08-31,2025-09-27T18:57:54,passed
MKT-GOTHAM_-_SOUTH_SIDE-202107,GOTHAM - SOUTH SIDE,2021-07,1735.83,1707.94,-0.017,0.0725,0.0814,107,214,1478,892,317019,0.0654,3,,GOTHAM_SYNTHETIC,2025-08-31,2025-09-27T18:57:54,passed
MKT-GOTHAM_-_SOUTH_SIDE-202108,GOTHAM - SOUTH SIDE,2021-08,1739.82,1693.65,-0.0045,0.0734,0.0755,93,0,825,941,270050,0.0654,5,,GOTHAM_SYNTHETIC,2025-08-31,2025-09-27T18:57:54,passed
MKT-GOTHAM_-_SOUTH_SIDE-202109,GOTHAM - SOUTH SIDE,2021-09,1749.73,1716.78,0.0723,0.0733,0.0828,237,84,970,1551,250359,0.0662,5,,GOTHAM_SYNTHETIC,2025-08-31,2025-09-27T18:57:54,passed
MKT-GOTHAM_-_SOUTH_SIDE-202110,GOTHAM - SOUTH SIDE,2021-10,1752.93,1736.14,0.0732,0.0721,0.0715,152,163,1806,477,272072,0.0644,5,,GOTHAM_SYNTHETIC,2025-08-31,2025-09-27T18:57:54,passed
MKT-GOTHAM_-_SOUTH_SIDE-202111,GOTHAM - SOUTH SIDE,2021-11,1753.01,1743.52,0.0375,0.0698,0.0727,97,139,2035,530,228414,0.0645,2,,GOTHAM_SYNTHETIC,2025-08-31,2025-09-27T18:57:54,passed
MKT-GOTHAM_-_SOUTH_SIDE-202112,GOTHAM - SOUTH SIDE,2021-12,1751.85,1727.94,0.0658,0.0718,0.0731,-61,58,1231,975,250921,0.0638,7,,GOTHAM_SYNTHETIC,2025-08-31,2025-09-27T18:57:54,passed
MKT-GOTHAM_-_SOUTH_SIDE-202201,GOTHAM - SOUTH SIDE,2022-01,1756.06,1716.7,0.0134,0.0693,0.0701,55,113,2330,988,209555,0.0639,0,,GOTHAM_SYNTHETIC,2025-08-31,2025-09-27T18:57:54,passed
MKT-GOTHAM_-_SOUTH_SIDE-202202,GOTHAM - SOUTH SIDE,2022-02,1757.87,1733.0,0.0488,0.0722,0.0775,66,146,568,776,256361,0.0643,5,,GOTHAM_SYNTHETIC,2025-08-31,2025-09-27T18:57:54,passed
MKT-GOTHAM_-_SOUTH_SIDE-202203,GOTHAM - SOUTH SIDE,2022-03,1757.01,1730.36,-0.0018,0.0758,0.0829,121,166,2066,999,207361,0.0638,6,,GOTHAM_SYNTHETIC,2025-08-31,2025-09-27T18:57:54,passed
MKT-GOTHAM_-_SOUTH_SIDE-202204,GOTHAM - SOUTH SIDE,2022-04,1765.76,1715.02,0.0765,0.0735,0.0789,107,45,1852,770,264205,0.0638,11,,GOTHAM_SYNTHETIC,2025-08-31,2025-09-27T18:57:54,passed
MKT-GOTHAM_-_SOUTH_SIDE-202205,GOTHAM - SOUTH SIDE,2022-05,1763.77,1724.85,0.0299,0.07,0.0757,15,25,1245,532,228538,0.064,3,,GOTHAM_SYNTHETIC,2025-08-31,2025-09-27T18:57:54,passed
MKT-GOTHAM_-_SOUTH_SIDE-202206,GOTHAM - SOUTH SIDE,2022-06,1772.29,1758.97,0.029,0.0721,0.0811,234,103,1007,464,299619,0.0636,3,,GOTHAM_SYNTHETIC,2025-08-31,2025-09-27T18:57:54,passed
MKT-GOTHAM_-_SOUTH_SIDE-202207,GOTHAM - SOUTH SIDE,2022-07,1771.85,1761.24,0.0653,0.0748,0.0742,149,77,1420,894,232384,0.0632,5,,GOTHAM_SYNTHETIC,2025-08-31,2025-09-27T18:57:54,passed
MKT-GOTHAM_-_SOUTH_SIDE-202208,GOTHAM - SOUTH SIDE,2022-08,1782.4,1730.86,-0.0185,0.0737,0.0798,114,141,1537,689,255613,0.0635,9,,GOTHAM_SYNTHETIC,2025-08-31,2025-09-27T18:57:54,passed
MKT-GOTHAM_-_SOUTH_SIDE-202209,GOTHAM - SOUTH SIDE,2022-09,1784.15,1747.42,0.0788,0.0746,0.0776,169,100,2146,847,252007,0.0636,7,,GOTHAM_SYNTHETIC,2025-08-31,2025-09-27T18:57:54,passed
MKT-GOTHAM_-_SOUTH_SIDE-202210,GOTHAM - SOUTH SIDE,2022-10,1785.5,1749.27,0.0168,0.077,0.0773,146,57,2225,903,260236,0.065,0,,GOTHAM_SYNTHETIC,2025-08-31,2025-09-27T18:57:54,passed
MKT-GOTHAM_-_SOUTH_SIDE-202211,GOTHAM - SOUTH SIDE,2022-11,1789.09,1765.08,0.0643,0.0769,0.0815,103,144,1136,656,253724,0.0648,4,,GOTHAM_SYNTHETIC,2025-08-31,2025-09-27T18:57:54,passed
MKT-GOTHAM_-_SOUTH_SIDE-202212,GOTHAM - SOUTH SIDE,2022-12,1789.07,1737.25,-0.0184,0.078,0.0821,209,85,3098,761,259480,0.0645,3,,GOTHAM_SYNTHETIC,2025-08-31,2025-09-27T18:57:54,passed
MKT-GOTHAM_-_SOUTH_SIDE-202301,GOTHAM - SOUTH SIDE,2023-01,1795.13,1755.47,0.0025,0.0746,0.0743,137,25,1903,978,253376,0.0648,5,,GOTHAM_SYNTHETIC,2025-08-31,2025-09-27T18:57:54,passed
MKT-GOTHAM_-_SOUTH_SIDE-202302,GOTHAM - SOUTH SIDE,2023-02,1799.31,1768.66,-0.0025,0.076,0.0766,-58,224,1092,661,225805,0.0645,2,,GOTHAM_SYNTHETIC,2025-08-31,2025-09-27T18:57:54,passed
MKT-GOTHAM_-_SOUTH_SIDE-202303,GOTHAM - SOUTH SIDE,2023-03,1795.71,1776.44,0.0404,0.0774,0.0848,160,183,1945,979,236829,0.0643,5,,GOTHAM_SYNTHETIC,2025-08-31,2025-09-27T18:57:54,passed
MKT-GOTHAM_-_SOUTH_SIDE-202304,GOTHAM - SOUTH SIDE,2023-04,1801.51,1767.82,-0.0008,0.0802,0.0816,104,30,1983,958,287574,0.0641,6,,GOTHAM_SYNTHETIC,2025-08-31,2025-09-27T18:57:54,passed
MKT-GOTHAM_-_SOUTH_SIDE-202305,GOTHAM - SOUTH SIDE,2023-05,1798.13,1761.95,0.0303,0.0807,0.0835,109,122,2196,958,241001,0.065,4,,GOTHAM_SYNTHETIC,2025-08-31,2025-09-27T18:57:54,passed
MKT-GOTHAM_-_SOUTH_SIDE-202306,GOTHAM - SOUTH SIDE,2023-06,1795.0,1745.48,0.0257,0.0797,0.0834,87,63,1488,100,273841,0.0635,4,,GOTHAM_SYNTHETIC,2025-08-31,2025-09-27T18:57:54,passed
MKT-GOTHAM_-_SOUTH_SIDE-202307,GOTHAM - SOUTH SIDE,2023-07,1792.4,1751.97,0.0525,0.0795,0.0837,94,98,1519,1369,241500,0.0627,2,,GOTHAM_SYNTHETIC,2025-08-31,2025-09-27T18:57:54,passed
MKT-GOTHAM_-_SOUTH_SIDE-202308,GOTHAM - SOUTH SIDE,2023-08,1798.44,1782.18,0.079,0.0798,0.0862,124,157,1663,466,219626,0.0625,7,,GOTHAM_SYNTHETIC,2025-08-31,2025-09-27T18:57:54,passed
MKT-GOTHAM_-_SOUTH_SIDE-202309,GOTHAM - SOUTH SIDE,2023-09,1804.04,1754.06,0.0692,0.0834,0.0853,97,175,1787,838,252853,0.0622,9,,GOTHAM_SYNTHETIC,2025-08-31,2025-09-27T18:57:54,passed
MKT-GOTHAM_-_SOUTH_SIDE-202310,GOTHAM - SOUTH SIDE,2023-10,1807.0,1782.16,0.0464,0.0848,0.0923,198,152,1764,1038,289596,0.0628,12,,GOTHAM_SYNTHETIC,2025-08-31,2025-09-27T18:57:54,passed
MKT-GOTHAM_-_SOUTH_SIDE-202311,GOTHAM - SOUTH SIDE,2023-11,1809.1,1789.11,0.0087,0.0854,0.0913,186,19,1417,343,271078,0.0636,7,,GOTHAM_SYNTHETIC,2025-08-31,2025-09-27T18:57:54,passed
MKT-GOTHAM_-_SOUTH_SIDE-202312,GOTHAM - SOUTH SIDE,2023-12,1813.22,1771.26,-0.0131,0.0845,0.0932,37,128,1524,1178,272777,0.0641,5,,GOTHAM_SYNTHETIC,2025-08-31,2025-09-27T18:57:54,passed
MKT-GOTHAM_-_SOUTH_SIDE-202401,GOTHAM - SOUTH SIDE,2024-01,1820.58,1794.65,0.0476,0.0839,0.0902,145,135,1482,335,236978,0.0641,5,,GOTHAM_SYNTHETIC,2025-08-31,2025-09-27T18:57:54,passed
MKT-GOTHAM_-_SOUTH_SIDE-202402,GOTHAM - SOUTH SIDE,2024-02,1822.64,1770.75,0.0159,0.0866,0.0909,181,159,1489,853,219445,0.0642,2,,GOTHAM_SYNTHETIC,2025-08-31,2025-09-27T18:57:54,passed
MKT-GOTHAM_-_SOUTH_SIDE-202403,GOTHAM - SOUTH SIDE,2024-03,1827.73,1808.27,0.0028,0.0879,0.0917,213,202,1832,684,219999,0.0642,11,,GOTHAM_SYNTHETIC,2025-08-31,2025-09-27T18:57:54,passed
MKT-GOTHAM_-_SOUTH_SIDE-202404,GOTHAM - SOUTH SIDE,2024-04,1826.2,1772.49,0.0636,0.088,0.0921,102,131,1705,1154,270980,0.0639,7,,GOTHAM_SYNTHETIC,2025-08-31,2025-09-27T18:57:54,passed
MKT-GOTHAM_-_SOUTH_SIDE-202405,GOTHAM - SOUTH SIDE,2024-05,1837.07,1822.13,0.072,0.0877,0.0941,-23,181,1813,549,238228,0.0633,8,,GOTHAM_SYNTHETIC,2025-08-31,2025-09-27T18:57:54,passed
MKT-GOTHAM_-_SOUTH_SIDE-202406,GOTHAM - SOUTH SIDE,2024-06,1834.79,1803.0,0.044,0.0882,0.0944,203,41,1154,1207,235163,0.0644,3,,GOTHAM_SYNTHETIC,2025-08-31,2025-09-27T18:57:54,passed
MKT-GOTHAM_-_SOUTH_SIDE-202407,GOTHAM - SOUTH SIDE,2024-07,1832.71,1802.67,0.05,0.0883,0.0913,117,28,1494,1358,276421,0.0643,7,,GOTHAM_SYNTHETIC,2025-08-31,2025-09-27T18:57:54,passed
MKT-GOTHAM_-_SOUTH_SIDE-202408,GOTHAM - SOUTH SIDE,2024-08,1834.45,1783.62,0.0228,0.0843,0.0832,127,194,1784,1019,242079,0.0629,6,,GOTHAM_SYNTHETIC,2025-08-31,2025-09-27T18:57:54,passed
MKT-GOTHAM_-_SOUTH_SIDE-202409,GOTHAM - SOUTH SIDE,2024-09,1833.62,1806.87,0.0114,0.0849,0.0868,171,153,1292,1134,249988,0.0617,4,,GOTHAM_SYNTHETIC,2025-08-31,2025-09-27T18:57:54,passed
MKT-GOTHAM_-_SOUTH_SIDE-202410,GOTHAM - SOUTH SIDE,2024-10,1831.52,1809.27,0.0619,0.0859,0.0927,106,45,1715,716,289235,0.0609,5,,GOTHAM_SYNTHETIC,2025-08-31,2025-09-27T18:57:54,passed
MKT-GOTHAM_-_SOUTH_SIDE-202411,GOTHAM - SOUTH SIDE,2024-11,1839.12,1806.28,0.015,0.0875,0.0928,58,67,2581,243,235553,0.0614,1,,GOTHAM_SYNTHETIC,2025-08-31,2025-09-27T18:57:54,passed
MKT-GOTHAM_-_SOUTH_SIDE-202412,GOTHAM - SOUTH SIDE,2024-12,1847.3,1836.75,0.0061,0.0868,0.0927,62,143,1745,650,293331,0.0615,0,,GOTHAM_SYNTHETIC,2025-08-31,2025-09-27T18:57:54,passed
MKT-GOTHAM_-_SOUTH_SIDE-202501,GOTHAM - SOUTH SIDE,2025-01,1858.32,1811.93,0.0484,0.083,0.0911,182,207,1789,671,249267,0.0608,5,,GOTHAM_SYNTHETIC,2025-08-31,2025-09-27T18:57:54,passed
MKT-GOTHAM_-_SOUTH_SIDE-202502,GOTHAM - SOUTH SIDE,2025-02,1855.98,1825.51,0.0457,0.0826,0.0956,47,181,1959,1141,282088,0.0608,7,,GOTHAM_SYNTHETIC,2025-08-31,2025-09-27T18:57:54,passed
MKT-GOTHAM_-_SOUTH_SIDE-202503,GOTHAM - SOUTH SIDE,2025-03,1857.79,1816.89,0.0288,0.0831,0.084,134,144,1831,1506,273499,0.0614,4,,GOTHAM_SYNTHETIC,2025-08-31,2025-09-27T18:57:54,passed
MKT-GOTHAM_-_SOUTH_SIDE-202504,GOTHAM - SOUTH SIDE,2025-04,1861.09,1829.35,0.0586,0.0817,0.0852,109,203,1461,1083,241539,0.0607,4,,GOTHAM_SYNTHETIC,2025-08-31,2025-09-27T18:57:54,passed
MKT-GOTHAM_-_SOUTH_SIDE-202505,GOTHAM - SOUTH SIDE,2025-05,1863.27,1823.33,-0.0057,0.0791,0.0863,73,145,2205,782,286518,0.0607,3,,GOTHAM_SYNTHETIC,2025-08-31,2025-09-27T18:57:54,passed
MKT-GOTHAM_-_SOUTH_SIDE-202506,GOTHAM - SOUTH SIDE,2025-06,1862.02,1811.04,0.0055,0.0782,0.0844,167,103,621,447,288624,0.0606,7,,GOTHAM_SYNTHETIC,2025-08-31,2025-09-27T18:57:54,passed
MKT-GOTHAM_-_SOUTH_SIDE-202507,GOTHAM - SOUTH SIDE,2025-07,1867.72,1834.73,0.0058,0.0778,0.0902,156,93,1152,240,248731,0.0606,6,,GOTHAM_SYNTHETIC,2025-08-31,2025-09-27T18:57:54,passed
MKT-GOTHAM_-_SOUTH_SIDE-202508,GOTHAM - SOUTH SIDE,2025-08,1864.76,1850.24,0.0171,0.0799,0.0806,43,283,1682,640,261200,0.0613,3,,GOTHAM_SYNTHETIC,2025-08-31,2025-09-27T18:57:54,passed
